{
  "Type": "Charging",
  "DisplayProgress": false,
  "MouseSensitivityAdjustmentTarget": 0.25,
  "MouseSensitivityAdjustmentDuration": 0.1,
  "HorizontalSpeedMultiplier": 0.6,
  "Effects": {
    "ItemAnimationId": "StabCharging",
    "Particles": [
      {
        "PositionOffset": {
          "X": 0,
          "Y": 0,
          "Z": 0
        },
        "RotationOffset": {
          "Pitch": 0,
          "Roll": 0,
          "Yaw": 0
        },
        "TargetNodeName": "Blade",
        "SystemId": "Sword_Charging",
        "Scale": 1,
        "TargetEntityPart": "PrimaryItem"
      }
    ]
  },
  "AllowIndefiniteHold": false,
  "Next": {
    "0": "Weapon_Soulblight_Primary_Chain",
    "1.565": {
      "Type": "Serial",
      "Interactions": [
        {
          "Type": "Replace",
          "Var": "Stab_StaminaCost",
          "DefaultOk": true,
          "DefaultValue": {
            "Interactions": [
              {
                "Type": "ApplyEffect",
                "EffectId": "Stamina_Broken_Immune"
              },
              {
                "Type": "ChangeStat",
                "StatModifiers": {
                  "Stamina": -2
                }
              }
            ]
          }
        },
        {
          "Type": "Replace",
          "Var": "Stab_StaminaRegenDelay",
          "DefaultOk": true,
          "DefaultValue": {
            "Interactions": [
              {
                "Type": "ChangeStat",
                "Behaviour": "Set",
                "StatModifiers": {
                  "StaminaRegenDelay": -1.565
                }
              }
            ]
          }
        },
        {
          "Type": "Replace",
          "Var": "Stab_Selector",
          "DefaultOk": true,
          "DefaultValue": {
            "Interactions": [
              "Weapon_Soulblight_Primary_Stab_Selector"
            ]
          }
        }
      ]
    }
  }
}
