{
  "Type": "Selector",
  "RunTime": 0.083,
  "Effects": {
    "ItemAnimationId": "StabCharged",
    "Trails": [
      {
        "PositionOffset": {
          "X": 1.4,
          "Y": 0,
          "Z": 0
        },
        "RotationOffset": {
          "Pitch": 0,
          "Roll": 0,
          "Yaw": 0
        },
        "TargetNodeName": "Handle",
        "TrailId": "Small_Charged"
      }
    ],
    "WorldSoundEventId": "SFX_Light_Melee_T2_Swing"
  },
  "Selector": {
    "Id": "Stab",
    "TestLineOfSight": false,
    "ExtendTop": 0.075,
    "ExtendLeft": 0.075,
    "ExtendRight": 0.075,
    "ExtendBottom": 0.075,
    "StartDistance": 0.1,
    "EndDistance": 4
  },
  "HitBlock": {
    "Interactions": [
      {
        "Type": "Replace",
        "Var": "Stab_Hit_Block",
        "DefaultOk": true,
        "DefaultValue": {
          "Interactions": [
            "Block_Break_Adventure"
          ]
        }
      }
    ]
  },
  "HitEntity": {
    "Interactions": [
      {
        "Type": "Replace",
        "Var": "Stab_Damage",
        "DefaultOk": true,
        "DefaultValue": {
          "Interactions": [
            "Weapon_Soulblight_Primary_Stab_Damage"
          ]
        }
      }
    ]
  },
  "Next": {
    "Type": "Simple",
    "$Comment": "Pad the interaction length",
    "RunTime": 0.251,
    "Next": {
      "Type": "Replace",
      "Var": "Stab_StaminaRegenDelay",
      "DefaultOk": true,
      "DefaultValue": {
        "Interactions": [
          {
            "Type": "ChangeStat",
            "Behaviour": "Set",
            "StatModifiers": {
              "StaminaRegenDelay": -1.565
            }
          }
        ]
      }
    }
  }
}