{
  "TranslationProperties": {
    "Name": "items.Violet_Stool_Contemporary.name",
    "Description": "items.Violet_Desc_Customisable.description"
  },
  "Icon": "Icons/ItemsGenerated/Violet_Stool_Contemporary_White.png",
  "Categories": [
    "Furniture.Furniture"
  ],
  "Interactions": {
    "Primary": "Block_Primary",
    "Secondary": "Block_Secondary"
  },
  "Recipe": {
    "BenchRequirement": [
      {
        "Type": "Crafting",
        "Id": "Bench_Violet",
        "Categories": [
          "Violet_All",
          "Violet_Seating"
        ]
      }
    ],
    "Input": [
      {
        "Quantity": 2,
        "ItemId": "Wood_Softwood_Planks"
      },
      {
        "ItemId": "Ingredient_Fibre",
        "Quantity": 4
      }
    ]
  },
  "PlayerAnimationsId": "Block",
  "IconProperties": {
    "Scale": 0.7,
    "Rotation": [
      22.5,
      45,
      22.5
    ],
    "Translation": [
      0,
      -8
    ]
  },
  "ResourceTypes": [
    {
      "Id": "Fuel"
    },
    {
      "Id": "Charcoal"
    }
  ],
  "Tags": {
    "Type": [
      "Furniture"
    ],
    "Family": []
  },
  "Quality": "Violet_Furniture_Customisable",
  "Scale": 1.3,
  "BlockType": {
    "Material": "Solid",
    "DrawType": "Model",
    "Opacity": "Transparent",
    "CustomModelTexture": [
      {
        "Texture": "Blocks/Furniture/Contemporary/Stool/Stool_White.png",
        "Weight": 1
      }
    ],
    "Group": "Wood",
    "HitboxType": "Furniture_Stool",
    "Gathering": {
      "Breaking": {
        "GatherType": "Woods"
      }
    },
    "VariantRotation": "NESW",
    "Seats": [
      {
        "Offset": {
          "X": 0,
          "Y": 0,
          "Z": 0.2
        },
        "Yaw": 0
      }
    ],
    "Interactions": {
      "Use": "Block_Seat"
    },
    "Flags": {},
    "BlockParticleSetId": "Dust",
    "Support": {
      "Down": [
        {
          "FaceType": "Full"
        }
      ]
    },
    "CustomModel": "Blocks/Furniture/Contemporary/Stool/Stool.blockymodel",
    "ParticleColor": "#ffffff",
    "BlockSoundSetId": "Cloth"
  }
}
