{
  "Parent": "Violet_Stool_Contemporary_White",
  "BlockType": {
    "DrawType": "Model",
    "CustomModelTexture": [
      {
        "Texture": "Blocks/Furniture/Contemporary/Stool/Stool_Yellow.png",
        "Weight": 1
      }
    ]
  },
  "Quality": "Violet_Furniture_Customisable",
  "Icon": "Icons/ItemsGenerated/Violet_Stool_Contemporary_Yellow.png",
  "IconProperties": {
    "Scale": 0.7,
    "Rotation": [
      22.5,
      45,
      22.5
    ],
    "Translation": [
      0,
      -8
    ]
  }
}
