{
  "TranslationProperties": {
    "Name": "items.Violet_Bed_Antique.name",
    "Description": "items.Violet_Desc_Customisable.description"
  },
  "Icon": "Icons/ItemsGenerated/Violet_Bed_Antique_Pink.png",
  "IconProperties": {
    "Scale": 0.33,
    "Rotation": [
      20,
      316,
      341
    ],
    "Translation": [
      2,
      -7
    ]
  },
  "Tags": {
    "Type": [
      "Furniture"
    ],
    "Family": [
      "Tavern"
    ]
  },
  "Scale": 0.8,
  "Quality": "Violet_Furniture_Customisable",
  "BlockType": {
    "CustomModel": "Blocks/Furniture/Antique/Bed/Bed.blockymodel",
    "CustomModelTexture": [
      {
        "Texture": "Blocks/Furniture/Antique/Bed/Antique_Bed_Pink.png",
        "Weight": 1
      }
    ],
    "DrawType": "Model"
  },
  "Parent": "Violet_Bed_Antique_White"
}
