{
  "TranslationProperties": {
    "Name": "server.items.Plant_Flower_Common_Pink2.name"
  },
  "Parent": "Plant_Flower_Common_White",
  "BlockType": {
    "CustomModel": "Blocks/Foliage/Flowers/Allium.blockymodel",
    "CustomModelTexture": [
      {
        "Texture": "Blocks/Foliage/Flowers/Allium_Texture.png",
        "Weight": 1
      }
    ],
    "Gathering": {
      "Soft": {
        "DropList": "Plant_Flower_Pink_Harvest"
      },
      "Harvest": {}
    },
    "ParticleColor": "#eda9e1"
  },
  "Icon": "Icons/ItemsGenerated/Plant_Flower_Common_Pink2.png",
  "IconProperties": {
    "Scale": 0.78,
    "Rotation": [
      22.5,
      45,
      22.5
    ],
    "Translation": [
      0,
      -13.5
    ]
  }
}
