{
  "Type": "Selector",
  "RunTime": 0.104,
  "Effects": {
    "Trails": [
      {
        "PositionOffset": {
          "X": 1,
          "Y": 0,
          "Z": 0
        },
        "TargetNodeName": "Handle",
        "TrailId": "Large_Default",
        "RotationOffset": {
          "Roll": 90.0
        }
      }
    ],
    "CameraEffect": "Sword_Swing_Vertical"
  },
  "Selector": {
    "Id": "Horizontal",
    "Direction": "ToLeft",
    "TestLineOfSight": false,
    "ExtendTop": 0.5,
    "ExtendBottom": 0.5,
    "StartDistance": 0.1,
    "EndDistance": 3,
    "Length": 60,
    "RollOffset": 75,
    "YawStartOffset": -30
  },
  "HitBlock": {
    "Interactions": [
      {
        "Type": "Replace",
        "Var": "Swing_Down_Hit_Block",
        "DefaultOk": true,
        "DefaultValue": {
          "Interactions": [
            "Block_Break_Adventure"
          ]
        }
      }
    ]
  },
  "HitEntity": {
    "Interactions": [
      {
        "Type": "Replace",
        "Var": "Swing_Down_Damage",
        "DefaultOk": true,
        "DefaultValue": {
          "Interactions": [
            "Weapon_Soulblight_Primary_Swing_Down_Damage"
          ]
        }
      }
    ]
  },
  "Next": {
    "Type": "Simple",
    "$Comment": "Pad the interaction length",
    "RunTime": 0.187
  }
}