{
  "TranslationProperties": {
    "Name": "items.Violet_Chair_Frog.name",
    "Description": ""
  },
  "Icon": "Icons/ItemsGenerated/Violet_Chair_Frog.png",
  "Categories": [
    "Furniture.Furniture"
  ],
  "Interactions": {
    "Primary": "Block_Primary",
    "Secondary": "Block_Secondary"
  },
  "Recipe": {
    "Input": [
      {
        "Quantity": 2,
        "ItemId": "Wood_Softwood_Planks"
      },
      {
        "ItemId": "Plant_Petals_Green",
        "Quantity": 1
      }
    ],
    "BenchRequirement": [
      {
        "Id": "Bench_Violet",
        "Type": "Crafting",
        "Categories": [
          "Violet_Seating",
          "Violet_All"
        ]
      }
    ]
  },
  "BlockType": {
    "Material": "Solid",
    "DrawType": "Model",
    "Opacity": "Transparent",
    "CustomModelTexture": [
      {
        "Texture": "Blocks/Furniture/Lilypad/Chair_Frog.png",
        "Weight": 1
      }
    ],
    "Group": "Wood",
    "HitboxType": "Chair",
    "Gathering": {
      "Breaking": {
        "GatherType": "Woods"
      }
    },
    "VariantRotation": "NESW",
    "Seats": [
      {
        "Offset": {
          "X": 0,
          "Y": 0,
          "Z": 0.2
        },
        "Yaw": 0
      }
    ],
    "Interactions": {
      "Use": "Block_Seat"
    },
    "Flags": {},
    "BlockParticleSetId": "Wood",
    "Support": {
      "Down": [
        {
          "FaceType": "Full"
        }
      ]
    },
    "CustomModel": "Blocks/Furniture/Lilypad/Chair_Frog.blockymodel",
    "ParticleColor": "#3ea23e",
    "BlockSoundSetId": "Wood"
  },
  "PlayerAnimationsId": "Block",
  "IconProperties": {
    "Scale": 0.54,
    "Rotation": [
      22.5,
      45,
      22.5
    ],
    "Translation": [
      0,
      -19.5
    ]
  },
  "ResourceTypes": [
    {
      "Id": "Fuel"
    },
    {
      "Id": "Charcoal"
    }
  ],
  "Tags": {
    "Type": [
      "Furniture"
    ],
    "Family": []
  },
  "ItemSoundSetId": "ISS_Blocks_Wood"
}
