{
  "TranslationProperties": {
    "Name": "items.Violet_Bed_Lilypad.name",
    "Description": ""
  },
  "PlayerAnimationsId": "Block",
  "Categories": [
    "Furniture.Beds"
  ],
  "Recipe": {
    "BenchRequirement": [
      {
        "Type": "Crafting",
        "Id": "Bench_Violet",
        "Categories": [
          "Violet_All",
          "Violet_Beds"
        ]
      }
    ],
    "Input": [
      {
        "Quantity": 8,
        "ItemId": "Wood_Softwood_Planks"
      },
      {
        "ItemId": "Ingredient_Fibre",
        "Quantity": 12
      },
      {
        "ItemId": "Plant_Petals_Green",
        "Quantity": 2
      }
    ]
  },
  "Icon": "Icons/ItemsGenerated/Violet_Bed_Lilypad.png",
  "IconProperties": {
    "Scale": 0.36,
    "Rotation": [
      20,
      316,
      341
    ],
    "Translation": [
      3,
      -7
    ]
  },
  "BlockType": {
    "BlockSoundSetId": "Wood",
    "Interactions": {
      "Use": {
        "Interactions": [
          {
            "Type": "Bed"
          }
        ]
      },
      "Primary": "Check_Can_Break_Respawn"
    },
    "CustomModel": "Blocks/Furniture/Lilypad/Bed_Lilypad.blockymodel",
    "CustomModelTexture": [
      {
        "Texture": "Blocks/Furniture/Lilypad/Bed_Lilypad.png",
        "Weight": 1
      }
    ],
    "DrawType": "Model",
    "Flags": {},
    "Gathering": {
      "Breaking": {
        "GatherType": "Woods"
      }
    },
    "HitboxType": "Bed_Tavern",
    "Material": "Solid",
    "Opacity": "Transparent",
    "Support": {
      "Down": [
        {
          "FaceType": "Full"
        }
      ]
    },
    "VariantRotation": "NESW",
    "BlockEntity": {
      "Components": {
        "RespawnBlock": {}
      }
    },
    "BlockParticleSetId": "Dust",
    "Beds": [
      {
        "Offset": {
          "X": 0.4,
          "Y": 0.4,
          "Z": 1.15,
          "Pitch": 150,
          "Roll": 0,
          "Yaw": 100
        },
        "Yaw": 0
      }
    ]
  },
  "ResourceTypes": [
    {
      "Id": "Fuel"
    },
    {
      "Id": "Charcoal"
    }
  ],
  "Tags": {
    "Type": [
      "Furniture"
    ],
    "Family": [
      "Tavern"
    ]
  },
  "Scale": 0.8,
  "ItemSoundSetId": "ISS_Blocks_Wood"
}
