{
  "TranslationProperties": {
    "Name": "items.Violet_Lamp_Lotus_Flower.name",
    "Description": "items.Violet_Desc_Customisable.description"
  },
  "Categories": [
    "Furniture.Lighting"
  ],
  "Icon": "Icons/ItemsGenerated/Violet_Lamp_Lotus_Flower.png",
  "IconProperties": {
    "Scale": 0.7,
    "Rotation": [
      22.5,
      45,
      22.5
    ],
    "Translation": [
      0,
      -7
    ]
  },
  "Interactions": {
    "Primary": "Root_Unarmed_Swing_Left",
    "Secondary": "Block_Secondary"
  },
  "InteractionVars": {
    "Torch_Swing_Left_Effect": "Torch_Swing_Left_Effect",
    "Torch_Swing_Right_Effect": "Torch_Swing_Right_Effect",
    "Torch_Swing_Left_Damage": "Torch_Swing_Left_Damage",
    "Torch_Swing_Right_Damage": "Torch_Swing_Right_Damage"
  },
  "BlockType": {
    "DrawType": "Model",
    "BlockSoundSetId": "Torch",
    "Opacity": "Transparent",
    "CustomModel": "Blocks/Furniture/Lilypad/Lamp_Lotus_Flower.blockymodel",
    "CustomModelTexture": [
      {
        "Weight": 1,
        "Texture": "Blocks/Furniture/Lilypad/Lamp_Lotus_Flower.png"
      }
    ],
    "Light": {
      "Radius": 0,
      "Color": "#d9a"
    },
    "Flags": {},
    "RandomRotation": "None",
    "Gathering": {
      "Soft": {
        "IsWeaponBreakable": false
      }
    },
    "BlockParticleSetId": "Wood",
    "Support": {
      "Down": []
    },
    "HitboxType": "Beam",
    "MovementSettings": {},
    "Material": "Solid",
    "InteractionHint": "interactionHints.turnoff",
    "Interactions": {
      "Use": {
        "Interactions": [
          {
            "Type": "ChangeState",
            "Changes": {
              "default": "Off",
              "On": "Off",
              "Off": "On"
            }
          }
        ]
      }
    },
    "State": {
      "Definitions": {
        "On": {
          "InteractionSoundEventId": "SFX_Lamp_On"
        },
        "Off": {
          "InteractionHint": "interactionHints.turnon",
          "Light": null,
          "Particles": null,
          "InteractionSoundEventId": "SFX_Lamp_Off",
          "AmbientSoundEventId": null,
          "CustomModelAnimation": "Blocks/Animations/Light/Light_Off.blockyanim"
        }
      }
    },
    "Looping": true,
    "ParticleColor": "#bd9c60",
    "CustomModelAnimation": "Blocks/Animations/Light/Light_On.blockyanim",
    "VariantRotation": "NESW",
    "PlacementSettings": {
      "WallPlacementOverrideBlockId": "Violet_Lamp_Lotus_Flower_Wall"
    }
  },
  "ResourceTypes": [
    {
      "Id": "Fuel"
    },
    {
      "Id": "Charcoal"
    }
  ],
  "Scale": 1.3,
  "Utility": {
    "Usable": true
  },
  "Tags": {
    "Type": [
      "Furniture"
    ],
    "Family": [
      "Jungle"
    ]
  },
  "ItemSoundSetId": "ISS_Blocks_Soft",
  "Quality": "Violet_Furniture_Customisable",
  "Recipe": {
    "BenchRequirement": [
      {
        "Type": "Crafting",
        "Id": "Bench_Violet",
        "Categories": [
          "Violet_All",
          "Violet_Lighting"
        ]
      }
    ],
    "Input": [
      {
        "ItemId": "Plant_Petals_Green",
        "Quantity": 2
      },
      {
        "ItemId": "Plant_Petals_Pink",
        "Quantity": 2
      },
      {
        "ItemId": "Furniture_Crude_Torch"
      }
    ]
  },
  "PlayerAnimationsId": "Block"
}
