{
  "TranslationProperties": {
    "Name": "items.Violet_Table_Lilypad.name",
    "Description": ""
  },
  "PlayerAnimationsId": "Block",
  "Categories": [
    "Furniture.Furniture"
  ],
  "Icon": "Icons/ItemsGenerated/Violet_Table_Lilypad.png",
  "IconProperties": {
    "Scale": 0.4,
    "Rotation": [
      22.5,
      45,
      22.5
    ],
    "Translation": [
      -22,
      -16
    ]
  },
  "Recipe": {
    "Input": [
      {
        "Quantity": 6,
        "ItemId": "Wood_Softwood_Planks"
      },
      {
        "ItemId": "Plant_Petals_Green",
        "Quantity": 2
      }
    ],
    "BenchRequirement": [
      {
        "Id": "Bench_Violet",
        "Type": "Crafting",
        "Categories": [
          "Violet_Surfaces",
          "Violet_All"
        ]
      }
    ]
  },
  "BlockType": {
    "BlockParticleSetId": "Wood",
    "CustomModel": "Blocks/Furniture/Lilypad/Table_Lilypad.blockymodel",
    "CustomModelTexture": [
      {
        "Texture": "Blocks/Furniture/Lilypad/Table_Lilypad.png",
        "Weight": 1
      }
    ],
    "DrawType": "Model",
    "Flags": {},
    "Gathering": {
      "Breaking": {
        "GatherType": "Woods"
      }
    },
    "Group": "Wood",
    "HitboxType": "Table",
    "Material": "Solid",
    "Opacity": "Transparent",
    "ParticleColor": "#3ea23e",
    "Supporting": {
      "Up": [
        {}
      ]
    },
    "Support": {
      "Down": [
        {
          "FaceType": "Full"
        }
      ]
    },
    "BlockSoundSetId": "Wood",
    "VariantRotation": "NESW"
  },
  "ResourceTypes": [
    {
      "Id": "Fuel"
    },
    {
      "Id": "Charcoal"
    }
  ],
  "Tags": {
    "Type": [
      "Furniture"
    ],
    "Family": [
      "Tavern"
    ]
  },
  "Scale": 0.6,
  "ItemSoundSetId": "ISS_Blocks_Wood"
}
