{
  "Container": {
    "Type": "Multiple",
    "Containers": [
      {
        "$Comment": "Common",
        "Type": "Single",
        "Item": {
          "ItemId": "Deco_Bone_Pile"
        }
      },
      {
        "$Comment": "UnCommon",
        "Type": "Single",
        "Item": {
          "ItemId": "Ingredient_Fabric_Scrap_Linen",
          "QuantityMin": 1,
          "QuantityMax": 2
        }
      },
      {
        "$Comment": "Common",
        "Type": "Single",
        "Item": {
          "ItemId": "Ore_Iron"
        }
      }
    ]
  }
}
