{
  "Type": "Variant",
  "Reference": "Template_Soulblight_Zombie",
  "Modify": {
    "DropList": "Drop_Zombie",
    "Appearance": "Zombie",
    "MaxHealth": 39,
    "IsMemory": true,
    "MemoriesCategory": "Undead",
    "_InteractionVars": {
      "Melee_Damage": {
        "Interactions": [
          {
            "Parent": "NPC_Attack_Melee_Damage",
            "DamageCalculator": {
              "BaseDamage": {
                "Physical": 18
              }
            }
          }
        ]
      }
    },
    "NameTranslationKey": {
      "Compute": "NameTranslationKey"
    }
  },
  "Parameters": {
    "NameTranslationKey": {
      "Value": "wanmine.npcRoles.Soulblight_Zombie.name",
      "Description": "Translation key for NPC name display"
    }
  }
}