{
  "PlayerAnimationsId": "Block",
  "Categories": [
    "Items.Tools"
  ],
  "MaxStack": 1,
  "IconProperties": {
    "Scale": 1.0,
    "Rotation": [
      22.5,
      45.0,
      22.5
    ],
    "Translation": [
      0.0,
      -8.0
    ]
  },
  "Model": "Items/NoCube_Bag_Greater.blockymodel",
  "Texture": "Items/NoCube_Bag.png",
  "Scale": 1.6,
  "Tags": {
    "Type": [
      "Utility"
    ]
  },
  "Container": {
    "Capacity": 36
  },
  "Interactions": {
    "Primary": {
      "Interactions": [
        {
          "Type": "EquipItem"
        }
      ]
    },
    "Secondary": {
      "Interactions": [
        {
          "Type": "OpenItemStackContainer"
        }
      ]
    }
  },
  "Icon": "Icons/ItemsGenerated/NoCube_Bag_Greater.png",
  "Recipe": {
    "Input": [
	  {
        "ItemId": "Ingredient_Fabric_Scrap_Linen",
        "Quantity": 20
      },
	  {
        "ItemId": "Ingredient_Hide_Heavy",
        "Quantity": 4
      }
    ],
    "BenchRequirement": [
      {
        "Type": "Crafting",
        "Id": "Workbench",
        "Categories": [
          "Workbench_Tinkering"
        ]
      }
    ]
  },
  "ItemLevel": 30
}
