{
  "PlayerAnimationsId": "Item",
  "Categories": [
    "Items.Tools"
  ],
  "MaxStack": 1,
  "IconProperties": {
    "Scale": 1.0,
    "Rotation": [
      327.0,
      162.0,
      0.0
    ],
    "Translation": [
      2.0,
      -10.0
    ]
  },
  "Model": "Items/NoCube_Bag_Lesser.blockymodel",
  "Texture": "Items/NoCube_Bag.png",
  "Scale": 1.5,
  "Tags": {
    "Type": [
      "Utility"
    ]
  },
  "Container": {
    "Capacity": 18
  },
  "Interactions": {
    "Primary": {
      "Interactions": [
        {
          "Type": "EquipItem"
        }
      ]
    },
    "Secondary": {
      "Interactions": [
        {
          "Type": "OpenItemStackContainer"
        }
      ]
    }
  },
  "Icon": "Icons/ItemsGenerated/NoCube_Bag_Lesser.png",
  "Recipe": {
    "Input": [  
	  {
        "ItemId": "Ingredient_Fibre",
        "Quantity": 10
      },
	  {
        "ItemId": "Ingredient_Hide_Light",
        "Quantity": 4
      }
    ],
    "BenchRequirement": [
      {
        "Type": "Crafting",
        "Id": "Workbench",
        "Categories": [
          "Workbench_Tinkering"
        ]
      }
    ]
  },
  "ItemLevel": 10
}
