{
  "PlayerAnimationsId": "Item",
  "Categories": [
    "Items.Tools"
  ],
  "MaxStack": 1,
  "IconProperties": {
    "Scale": 1.0,
    "Rotation": [
      335.0,
      128.0,
      30.0
    ],
    "Translation": [
      1.0,
      -8.0
    ]
  },
  "Model": "Items/NoCube_Bag.blockymodel",
  "Texture": "Items/NoCube_Bag.png",
  "Scale": 1.5,
  "Tags": {
    "Type": [
      "Utility"
    ]
  },
  "Container": {
    "Capacity": 27
  },
  "Interactions": {
    "Primary": {
      "Interactions": [
        {
          "Type": "EquipItem"
        }
      ]
    },
    "Secondary": {
      "Interactions": [
        {
          "Type": "OpenItemStackContainer"
        }
      ]
    }
  },
  "Icon": "Icons/ItemsGenerated/NoCube_Bag.png",
  "Recipe": {
    "Input": [
	  {
        "ItemId": "Ingredient_Fabric_Scrap_Linen",
        "Quantity": 10
      },
	  {
        "ItemId": "Ingredient_Hide_Medium",
        "Quantity": 4
      }
    ],
    "BenchRequirement": [
      {
        "Type": "Crafting",
        "Id": "Workbench",
        "Categories": [
          "Workbench_Tinkering"
        ]
      }
    ]
  },
  "ItemLevel": 20
}
