{
  "Type": "UseWateringCan",
  "Duration": 86400,
  "RefreshModifiers": [
    "Water"
  ],
  "Effects": {
    "ItemAnimationId": "Water",
    "Particles": [
      {
        "SystemId": "Watering_Can",
        "TargetEntityPart": "PrimaryItem",
        "TargetNodeName": "Can"
      }
    ],
    "WorldSoundEventId": "SFX_Tool_Watering_Can_Water"
  },
  "Next": {
    "Type": "ModifyInventory",
    "AdjustHeldItemDurability": -1,
    "BrokenItem": "NoCube_Tool_Watering_Can_Wood"
  },
  "RunTime": 0.2,
  "CancelOnItemChange": true
}
