{
  "Type": "Chaining",
  "ChainingAllowance": 1.25,
  "Next": [
    {
      "Type": "Replace",
      "Var": "Swing_Left",
      "DefaultOk": true,
      "DefaultValue": {
        "Interactions": [
          "Weapon_Soulblight_Primary_Swing_Left"
        ]
      }
    },
    {
      "Type": "Replace",
      "Var": "Swing_Right",
      "DefaultOk": true,
      "DefaultValue": {
        "Interactions": [
          "Weapon_Soulblight_Primary_Swing_Right"
        ]
      }
    },
    {
      "Type": "Replace",
      "Var": "Swing_Up",
      "DefaultOk": true,
      "DefaultValue": {
        "Interactions": [
          "Weapon_Soulblight_Primary_Swing_Up"
        ]
      }
    },
     {
      "Type": "Replace",
      "Var": "Swing_Down",
      "DefaultOk": true,
      "DefaultValue": {
        "Interactions": [
          "Weapon_Soulblight_Primary_Swing_Down"
        ]
      }
    }
  ]
}