{
  "Type": "MovementCondition",
  "Left": {
    "Type": "Replace",
    "Var": "Swing_Left_Charged_StaminaCondition",
    "DefaultOk": true,
    "DefaultValue": {
      "Interactions": [
        "Weapon_Maelstrom_Primary_Swing_Left_Charged_StaminaCondition"
      ]
    }
  },
  "Right": {
    "Type": "Replace",
    "Var": "Swing_Right_Charged_StaminaCondition",
    "DefaultOk": true,
    "DefaultValue": {
      "Interactions": [
        "Weapon_Maelstrom_Primary_Swing_Right_Charged_StaminaCondition"
      ]
    }
  },
  "Back": {
    "Type": "Replace",
    "Var": "Swing_Up_Left_Charged_StaminaCondition",
    "DefaultOk": true,
    "DefaultValue": {
      "Interactions": [
        "Weapon_Maelstrom_Primary_Swing_Up_Left_Charged_StaminaCondition"
      ]
    }
  },
  "Failed": {
    "Type": "Chaining",
    "ChainingAllowance": 2.1,
    "Next": [
      {
        "Type": "Replace",
        "Var": "Swing_Left_Charged_StaminaCondition",
        "DefaultOk": true,
        "DefaultValue": {
          "Interactions": [
            "Weapon_Maelstrom_Primary_Swing_Left_Charged_StaminaCondition"
          ]
        }
      },
      {
        "Type": "Replace",
        "Var": "Swing_Right_Charged_StaminaCondition",
        "DefaultOk": true,
        "DefaultValue": {
          "Interactions": [
            "Weapon_Maelstrom_Primary_Swing_Right_Charged_StaminaCondition"
          ]
        }
      },
      {
        "Type": "Replace",
        "Var": "Swing_Up_Left_Charged_StaminaCondition",
        "DefaultOk": true,
        "DefaultValue": {
          "Interactions": [
            "Weapon_Maelstrom_Primary_Swing_Up_Left_Charged_StaminaCondition"
          ]
        }
      }
    ]
  }
}
