{
  "Parent": "Cow",
  "Model": "NPC/Undead/Cow_Undead/Models/Model.blockymodel",
  "Texture": "NPC/Undead/Cow_Undead/Models/Texture.png",
   "RandomAttachmentSets": {
    "Fleece": {
      "Wool": {
        "Model": "NPC/Livestock/Cow/Models/Attachments/Udder.blockymodel",
        "Texture": "NPC/Livestock/Cow/Models/Texture.png"
      }
    },
		"BaseColor": {
			"0": {
				"Model": "NPC/Undead/Cow_Undead/Models/Model.blockymodel",
				"Texture": "NPC/Undead/Cow_Undead/Models/Texture.png"
			},
			"1": {
				"Model": "NPC/Undead/Cow_Undead/Models/Model.blockymodel",
				"Texture": "NPC/Undead/Cow_Undead/Models/Texture.png"
			},
			"2": {
				"Model": "NPC/Undead/Cow_Undead/Models/Model.blockymodel",
				"Texture": "NPC/Undead/Cow_Undead/Models/Texture.png"
			},
			"3": {
				"Model": "NPC/Undead/Cow_Undead/Models/Model.blockymodel",
				"Texture": "NPC/Undead/Cow_Undead/Models/Texture.png"
			},
			"4": {
				"Model": "NPC/Undead/Cow_Undead/Models/Model.blockymodel",
				"Texture": "NPC/Undead/Cow_Undead/Models/Texture.png"
			},
			"5": {
				"Model": "NPC/Undead/Cow_Undead/Models/Model.blockymodel",
				"Texture": "NPC/Undead/Cow_Undead/Models/Texture.png"
			},
			"6": {
				"Model": "NPC/Undead/Cow_Undead/Models/Model.blockymodel",
				"Texture": "NPC/Undead/Cow_Undead/Models/Texture.png"
			},
			"7": {
				"Model": "NPC/Undead/Cow_Undead/Models/Model.blockymodel",
				"Texture": "NPC/Undead/Cow_Undead/Models/Texture.png"
			}
		}
  }
}