{
	"Parent": "Pig",
	"Model": "NPC/Undead/Pig_Undead/Models/Model.blockymodel",
	"Texture": "NPC/Undead/Pig_Undead/Models/Texture2.png",
	"MinScale": 0.8,
	"MaxScale": 1.2,
	"RandomAttachmentSets": {
		"Eyes": {
			"0": {
				"Model": "NPC/Undead/Pig_Undead/Models/Model.blockymodel",
				"Texture": "NPC/Undead/Pig_Undead/Models/Texture2.png"
			},
			"1": {
				"Model": "NPC/Undead/Pig_Undead/Models/Model.blockymodel",
				"Texture": "NPC/Undead/Pig_Undead/Models/Texture2.png"
			},
			"2": {
				"Model": "NPC/Undead/Pig_Undead/Models/Model.blockymodel",
				"Texture": "NPC/Undead/Pig_Undead/Models/Texture2.png"
			},
			"3": {
				"Model": "NPC/Undead/Pig_Undead/Models/Model.blockymodel",
				"Texture": "NPC/Undead/Pig_Undead/Models/Texture2.png"
			},
			"4": {
				"Model": "NPC/Undead/Pig_Undead/Models/Model.blockymodel",
				"Texture": "NPC/Undead/Pig_Undead/Models/Texture2.png"
			}
		},
		"BaseColor": {
			"0": {
				"Model": "NPC/Undead/Pig_Undead/Models/Model.blockymodel",
				"Texture": "NPC/Undead/Pig_Undead/Models/Texture2.png"
			},
			"1": {
				"Model": "NPC/Undead/Pig_Undead/Models/Model.blockymodel",
				"Texture": "NPC/Undead/Pig_Undead/Models/Texture2.png"
			},
			"2": {
				"Model": "NPC/Undead/Pig_Undead/Models/Model.blockymodel",
				"Texture": "NPC/Undead/Pig_Undead/Models/Texture2.png"
			},
			"3": {
				"Model": "NPC/Undead/Pig_Undead/Models/Model.blockymodel",
				"Texture": "NPC/Undead/Pig_Undead/Models/Texture2.png"
			},
			"4": {
				"Model": "NPC/Undead/Pig_Undead/Models/Model.blockymodel",
				"Texture": "NPC/Undead/Pig_Undead/Models/Texture2.png"
			},
			"5": {
				"Model": "NPC/Undead/Pig_Undead/Models/Model.blockymodel",
				"Texture": "NPC/Undead/Pig_Undead/Models/Texture2.png"
			},
			"6": {
				"Model": "NPC/Undead/Pig_Undead/Models/Model.blockymodel",
				"Texture": "NPC/Undead/Pig_Undead/Models/Texture2.png"
			},
			"7": {
				"Model": "NPC/Undead/Pig_Undead/Models/Model.blockymodel",
				"Texture": "NPC/Undead/Pig_Undead/Models/Texture2.png"
			},
			"8": {
				"Model": "NPC/Undead/Pig_Undead/Models/Model.blockymodel",
				"Texture": "NPC/Undead/Pig_Undead/Models/Texture2.png"
			},
			"9": {
				"Model": "NPC/Undead/Pig_Undead/Models/Model.blockymodel",
				"Texture": "NPC/Undead/Pig_Undead/Models/Texture2.png"
			},
			"10": {
				"Model": "NPC/Undead/Pig_Undead/Models/Model.blockymodel",
				"Texture": "NPC/Undead/Pig_Undead/Models/Texture2.png"
			},
			"11": {
				"Model": "NPC/Undead/Pig_Undead/Models/Model.blockymodel",
				"Texture": "NPC/Undead/Pig_Undead/Models/Texture2.png"
			},
			"12": {
				"Model": "NPC/Undead/Pig_Undead/Models/Model.blockymodel",
				"Texture": "NPC/Undead/Pig_Undead/Models/Texture2.png"
			}
		}
	}
}