{
  "TranslationProperties": {
    "Description": "items.Violet_Desc_Customisable.description",
    "Name": "items.Violet_Banner_Asexual.name"
  },
  "PlayerAnimationsId": "Block",
  "Categories": [
    "Blocks.Structural"
  ],
  "Set": "Furniture_Temple_Light",
  "Recipe": {
    "Input": [
      {
        "ItemId": "Wood_Hardwood_Planks",
        "Quantity": 6
      },
      {
        "ItemId": "Ingredient_Fibre",
        "Quantity": 2
      }
    ]
  },
  "IconProperties": {
    "Scale": 0.5,
    "Rotation": [
      22.5,
      45.0,
      22.5
    ],
    "Translation": [
      9.0,
      -7.0
    ]
  },
  "BlockType": {
    "BlockParticleSetId": "Dust",
    "BlockSoundSetId": "Cloth",
    "CustomModel": "Blocks/Furniture/Banner/Banner.blockymodel",
    "CustomModelTexture": [
      {
        "Texture": "Blocks/Furniture/Banner/Banner_Asexual.png",
        "Weight": 1
      }
    ],
    "DrawType": "Model",
    "Flags": {},
    "Gathering": {
      "Soft": {}
    },
    "HitboxType": "Painting",
    "Material": "Solid",
    "Opacity": "Transparent",
    "Support": {
      "North": [
        {
          "FaceType": "Full"
        }
      ]
    },
    "VariantRotation": "NESW",
    "ParticleColor": "#cecece",
    "CustomModelAnimation": "Blocks/Furniture/Banner/Banner_Idle.blockyanim",
    "Looping": true,
    "PlacementSettings": {
      "BlockPreviewVisibility": "AlwaysVisible",
      "AllowRotationKey": true
    }
  },
  "Icon": "Icons/ItemsGenerated/Violet_Banner_Asexual.png",
  "Tags": {
    "Type": [
      "Furniture"
    ],
    "Family": [
      "Kweebec"
    ]
  },
  "ItemSoundSetId": "ISS_Blocks_Soft",
  "Scale": 1.2,
  "Model": "Blocks/Furniture/Banner/Banner.blockymodel",
  "Animation": "Blocks/Furniture/Banner/Banner_Alt.blockyanim",
  "UsePlayerAnimations": false,
  "Quality": "Violet_Furniture_Customisable"
}
