{
  "Type": "Selector",
  "$Comment": "Length of Combat",
  "Effects": {
    "ItemAnimationId": "CastSummon",
    "ItemPlayerAnimationsId": "Soulblight"
  },
  "Next": {
    "Type": "Parallel",
    "$Comment": "Spawn 3 Soulblight_Zombies around the executor in a circle",
    "Interactions": [
      {
        "Interactions": [
          {
            "Type": "SpawnNPC",
            "EntityId": "Zombie",
            "SpawnChance": 1,
            "SpawnYawOffset": 0,
            "SpawnOffset": {
              "X": 3,
              "Y": 0,
              "Z": 0
            }
          }
        ]
      },
      {
        "Interactions": [
          {
            "Type": "SpawnNPC",
            "EntityId": "Zombie",
            "SpawnChance": 1,
            "SpawnYawOffset": 120,
            "SpawnOffset": {
              "X": -1.5,
              "Y": 0,
              "Z": 1.5
            }
          }
        ]
      },
      {
        "Interactions": [
          {
            "Type": "SpawnNPC",
            "EntityId": "Zombie",
            "SpawnChance": 1,
            "SpawnYawOffset": 240,
            "SpawnOffset": {
              "X": -1.5,
              "Y": 0,
              "Z": -1.5
            }
          }
        ]
      }
    ]
  },
  "Selector": {
    "Id": "AOECircle"
  }
}