{
  "Type": "StatsCondition",
  "Costs": {
    "SignatureEnergy": 100
  },
  "ValueType": "Percent",
  "Next": {
    "Type": "Serial",
    "Interactions": [
      {
        "Type": "ApplyEffect",
        "EffectId": "Soulblight",
        "Entity": "User",
        "RunTime": 1
      },
      {
        "Type": "Serial",
        "Interactions": [
          "Weapon_Soulblight_Signature_Summon_Effect",
          "Weapon_Soulblight_Signature_Summon_Spawn"
        ]
      },
      {
        "Type": "ClearEntityEffect",
        "EntityEffectId": "Soulblight"
      },
      {
        "Type": "ChangeStat",
        "StatModifiers": {
          "SignatureEnergy": -100
        },
        "ValueType": "Percent"
      }
    ]
  }
}
