{
  "QualityValue": 6,
  "ItemTooltipTexture": "UI/ItemQualities/Slots/SlotRelicTooltips.png",
  "ItemTooltipArrowTexture": "UI/ItemQualities/Tooltips/ItemTooltipRelicArrow.png",
  "SlotTexture": "UI/ItemQualities/Slots/SlotRelic.png",
  "BlockSlotTexture": "UI/ItemQualities/Slots/SlotRelic.png",
  "SpecialSlotTexture": "UI/ItemQualities/Slots/SlotRelic.png",
  "TextColor": "#ff00d8",
  "VisibleQualityLabel": true,
  "RenderSpecialSlot": true,
  "LocalizationKey": "wanmine.general.qualities.Relic",
  "ItemEntityConfig": {
    "ParticleSystemId": "Drop_Relic"
  }
}
