{
  "TranslationProperties": {
    "Name": "server.items.Ingredient_Salt.name"
  },
  "Parent": "Template_Food",
  "Icon": "Icons/ItemsGenerated/Food_Salt.png",
  "ResourceTypes": [
    {
      "Id": "Foods"
    }
  ],
  "Quality": "Common",
  "Consumable": false,
  "Interactions": {},
  "BlockType": {
    "Material": "Empty",
    "DrawType": "Model",
    "CustomModel": "Items/Ingredients/Salt.blockymodel",
    "CustomModelTexture": [
      {
        "Texture": "Items/Ingredients/Salt_Texture.png",
        "Weight": 1
      }
    ],
    "HitboxType": "Food_Medium",
    "ParticleColor": "#b7c0d3",
    "CustomModelScale": 0.6
  },
  "Scale": 1,
  "IconProperties": {
    "Scale": 0.9,
    "Rotation": [
      5,
      77,
      22.5
    ],
    "Translation": [
      0,
      -6
    ]
  },
  "Recipe": {
    "Input": [
      {
        "ItemId": "Rock_Salt",
        "Quantity": 1
      }
    ],
    "TimeSeconds": 1,
    "Output": [
      {
        "ItemId": "Ingredient_Salt",
        "Quantity": 6
      }
    ],
    "BenchRequirement": [
      {
        "Type": "Processing",
        "Id": "NoCube_Quern"
      }
    ]
  },
  "MaxStack": 25,
  "DropOnDeath": true
}
