{
  "TranslationProperties": {
    "Name": "server.items.NoCube_Ingredient_Rice_Powder.name"
  },
  "Parent": "Template_Food",
  "Icon": "Icons/ItemsGenerated/NoCube_Ingredient_Rice_Powder.png",
  "ResourceTypes": [
    {
      "Id": "Foods"
    }
  ],
  "Quality": "Common",
  "Consumable": false,
  "Interactions": {},
  "BlockType": {
    "Material": "Empty",
    "DrawType": "Model",
    "CustomModel": "Items/Tools/Feedbag/Feedbag.blockymodel",
    "CustomModelTexture": [
      {
        "Texture": "Items/Ingredients/NoCube_Rice_Powder.png",
        "Weight": 1
      }
    ],
    "ParticleColor": "#ba8149"
  },
  "Scale": 1,
  "IconProperties": {
    "Scale": 0.6,
    "Rotation": [
      22.5,
      45,
      22.5
    ],
    "Translation": [
      0,
      -15
    ]
  },
  "MaxStack": 25,
  "Recipe": {
    "Input": [
      {
        "ItemId": "Plant_Crop_Rice_Item",
        "Quantity": 5
      }
    ],
    "Output": [
      {
        "ItemId": "NoCube_Ingredient_Rice_Powder",
        "Quantity": 1
      }
    ],
    "BenchRequirement": [
      {
        "Type": "Processing",
        "Id": "NoCube_Quern"
      }
    ],
    "TimeSeconds": 5
  },
  "DropOnDeath": true
}
