{
  "TranslationProperties": {
    "Name": "server.items.NoCube_Ingredient_Sifted_Flour.name"
  },
  "Parent": "Template_Food",
  "Icon": "Icons/ItemsGenerated/NoCube_Ingredient_Sifted_Flour.png",
  "ResourceTypes": [
    {
      "Id": "Foods"
    }
  ],
  "ItemLevel": 18,
  "Quality": "Common",
  "BlockType": {
    "Material": "Empty",
    "DrawType": "Model",
    "CustomModel": "Items/Tools/Feedbag/Feedbag.blockymodel",
    "CustomModelTexture": [
      {
        "Texture": "Items/Ingredients/NoCube_Sifted_Flour.png",
        "Weight": 1
      }
    ],
    "ParticleColor": "#ba8149"
  },
  "Scale": 1,
  "IconProperties": {
    "Scale": 0.6,
    "Rotation": [
      27,
      321,
      339
    ],
    "Translation": [
      0,
      -15
    ]
  },
  "MaxStack": 25,
  "Recipe": {
    "Input": [
      {
        "ItemId": "Ingredient_Flour",
        "Quantity": 3
      },
      {
        "ItemId": "NoCube_Flour_Sieve",
        "Quantity": 1
      }
    ],
    "Output": [
      {
        "ItemId": "NoCube_Ingredient_Sifted_Flour",
        "Quantity": 1
      },
      {
        "ItemId": "NoCube_Flour_Sieve",
        "Quantity": 1
      }
    ],
    "BenchRequirement": [
      {
        "Type": "Crafting",
        "RequiredTierLevel": 3,
        "Categories": [
          "NoCube_Bakers_Workbench_Ingredients"
        ],
        "Id": "NoCube_Bakers_Workbench"
      }
    ],
    "TimeSeconds": 1
  }
}
