{
  "TranslationProperties": {
    "Name": "server.items.NoCube_Ingredient_Corn_Dough.name"
  },
  "Parent": "Template_Food",
  "Icon": "Icons/ItemsGenerated/NoCube_Ingredient_Corn_Dough.png",
  "ResourceTypes": [
    {
      "Id": "Foods"
    }
  ],
  "ItemLevel": 5,
  "Quality": "Common",
  "Consumable": false,
  "Interactions": {},
  "BlockType": {
    "Material": "Empty",
    "DrawType": "Model",
    "CustomModel": "Items/Ingredients/Dough.blockymodel",
    "CustomModelTexture": [
      {
        "Texture": "Items/Ingredients/NoCube_Corn_Dough.png",
        "Weight": 1
      }
    ],
    "HitboxType": "Food_Medium",
    "ParticleColor": "#f0ebc6",
    "CustomModelScale": 0.5
  },
  "Scale": 1,
  "IconProperties": {
    "Scale": 0.7,
    "Rotation": [
      18,
      45,
      32
    ],
    "Translation": [
      1,
      -4
    ]
  },
  "MaxStack": 25,
  "Recipe": {
    "Input": [
      {
        "ItemId": "NoCube_Ingredient_Corn_Meal",
        "Quantity": 1
      },
      {
        "ItemId": "Food_Egg",
        "Quantity": 2
      },
      {
        "ItemId": "*Container_Bucket_State_Filled_Water"
      }
    ],
    "BenchRequirement": [
      {
        "Type": "Crafting",
        "Categories": [
          "NoCube_Bakers_Workbench_Ingredients"
        ],
        "Id": "NoCube_Bakers_Workbench",
        "RequiredTierLevel": 2
      }
    ],
    "TimeSeconds": 1,
    "Output": [
      {
        "ItemId": "Ingredient_Dough"
      },
      {
        "ItemId": "Container_Bucket",
        "Quantity": 1
      }
    ]
  },
  "DropOnDeath": true
}
