{
  "TranslationProperties": {
    "Name": "server.items.NoCube_Ingredient_Sugar.name",
    "Description": "server.items.NoCube_Ingredient_Sugar.description"
  },
  "Parent": "Template_Food",
  "Categories": [
    "Items.Foods",
    "Items.Ingredients"
  ],
  "ItemLevel": 3,
  "Icon": "Icons/ItemsGenerated/NoCube_Sugar.png",
  "ResourceTypes": [
    {
      "Id": "Foods"
    }
  ],
  "Quality": "Common",
  "BlockType": {
    "Material": "Empty",
    "DrawType": "Model",
    "CustomModel": "Items/Ingredients/NoCube_Sugar.blockymodel",
    "CustomModelTexture": [
      {
        "Texture": "Items/Ingredients/NoCube_Sugar.png",
        "Weight": 1
      }
    ],
    "HitboxType": "Food_Medium",
    "ParticleColor": "#b7c0d3",
    "CustomModelScale": 0.6
  },
  "Scale": 1,
  "IconProperties": {
    "Scale": 0.8,
    "Rotation": [
      335,
      203,
      347
    ],
    "Translation": [
      -2,
      -5
    ]
  },
  "Recipe": {
    "Input": [
      {
        "ItemId": "Plant_Crop_Turnip_Item",
        "Quantity": 1
      }
    ],
    "BenchRequirement": [
      {
        "Type": "Processing",
        "Id": "NoCube_Quern"
      }
    ],
    "TimeSeconds": 5
  },
  "MaxStack": 25
}
