{
  "TranslationProperties": {
    "Name": "wanmine.items.Weapon_Sword_Gaias_Wrath.name",
    "Description": "wanmine.items.Weapon_Sword_Gaias_Wrath.description"
  },
  "DroppedItemAnimation": "Items/Animations/Dropped/Dropped_Diagonal_Left.blockyanim",
  "Model": "Items/Weapons/Sword/Gaias_Wrath.blockymodel",
  "Texture": "Items/Weapons/Sword/Gaias_Wrath.png",
  "PlayerAnimationsId": "Sword",
  "Reticle": "DefaultMelee",
  "Quality": "Relic",
  "ItemLevel": 60,
  "Categories": [
    "Items.Weapons"
  ],
  "IconProperties": {
    "Scale": 0.42,
    "Rotation": [
      45,
      90,
      0
    ],
    "Translation": [
      -34,
      -33.5
    ]
  },
  "Utility": {
    "Compatible": true
  },
  "Interactions": {
    "Primary": "Root_Weapon_Sword_Primary",
    "Secondary": "Root_Weapon_Sword_Secondary_Guard",
    "Ability1": "Root_Weapon_Sword_Signature_Vortexstrike"
  },
  "Tags": {
    "Type": [
      "Weapon"
    ],
    "Family": [
      "Sword"
    ]
  },
  "Weapon": {
    "EntityStatsToClear": [
      "SignatureEnergy"
    ],
    "StatModifiers": {
      "SignatureEnergy": [
        {
          "Amount": 13,
          "CalculationType": "Additive"
        }
      ]
    }
  },
  "ItemAppearanceConditions": {
    "SignatureEnergy": [
      {
        "Condition": [
          100,
          100
        ],
        "ConditionValueType": "Percent",
        "Particles": [
          {
            "SystemId": "Sword_Signature_Ready",
            "TargetNodeName": "Handle",
            "PositionOffset": {
              "X": 0.8
            },
            "TargetEntityPart": "PrimaryItem"
          },
          {
            "SystemId": "Sword_Signature_Status_Spawn",
            "TargetNodeName": "Handle",
            "PositionOffset": {
              "X": 0.5
            },
            "TargetEntityPart": "PrimaryItem"
          },
          {
            "SystemId": "Sword_Signature_Status",
            "TargetNodeName": "Handle",
            "PositionOffset": {
              "X": 0.55
            },
            "TargetEntityPart": "PrimaryItem",
            "Scale": 1.3
          }
        ],
        "FirstPersonParticles": [
          {
            "SystemId": "Sword_Signature_Ready",
            "TargetNodeName": "Handle",
            "PositionOffset": {
              "X": 0.8
            },
            "TargetEntityPart": "PrimaryItem"
          },
          {
            "SystemId": "Sword_Signature_Status_Spawn",
            "TargetNodeName": "Handle",
            "TargetEntityPart": "PrimaryItem",
            "PositionOffset": {
              "Y": -100
            }
          },
          {
            "SystemId": "Sword_Signature_Status",
            "TargetNodeName": "Handle",
            "PositionOffset": {
              "X": 0.5
            },
            "TargetEntityPart": "PrimaryItem"
          }
        ],
        "ModelVFXId": "Sword_Signature_Status"
      }
    ]
  },
  "ItemSoundSetId": "ISS_Weapons_Blade_Large",
  "MaxDurability": 230,
  "DurabilityLossOnHit": 0.21,
  "InteractionVars": {
    "Swing_Left_Damage": {
      "Interactions": [
        {
          "Parent": "Weapon_Sword_Primary_Swing_Left_Damage",
          "DamageCalculator": {
            "BaseDamage": {
              "Physical": 14
            }
          },
          "DamageEffects": {
            "WorldSoundEventId": "SFX_Sword_T2_Impact",
            "LocalSoundEventId": "SFX_Sword_T2_Impact"
          }
        }
      ]
    },
    "Swing_Right_Damage": {
      "Interactions": [
        {
          "Parent": "Weapon_Sword_Primary_Swing_Right_Damage",
          "DamageCalculator": {
            "BaseDamage": {
              "Physical": 16
            }
          },
          "DamageEffects": {
            "WorldSoundEventId": "SFX_Sword_T2_Impact",
            "LocalSoundEventId": "SFX_Sword_T2_Impact"
          }
        }
      ]
    },
    "Swing_Down_Damage": {
      "Interactions": [
        {
          "Parent": "Weapon_Sword_Primary_Swing_Down_Damage",
          "DamageCalculator": {
            "BaseDamage": {
              "Physical": 28
            }
          },
          "DamageEffects": {
            "WorldSoundEventId": "SFX_Sword_T2_Impact",
            "LocalSoundEventId": "SFX_Sword_T2_Impact"
          }
        }
      ]
    },
    "Thrust_Damage": {
      "Interactions": [
        {
          "Parent": "Weapon_Sword_Primary_Thrust_Damage",
          "DamageCalculator": {
            "BaseDamage": {
              "Physical": 61
            }
          },
          "EntityStatsOnHit": [
            {
              "EntityStatId": "SignatureEnergy",
              "Amount": 3
            }
          ],
          "DamageEffects": {
            "WorldSoundEventId": "SFX_Sword_T2_Impact",
            "LocalSoundEventId": "SFX_Sword_T2_Impact"
          }
        }
      ]
    },
    "Vortexstrike_Spin_Damage": {
      "Interactions": [
        {
          "Parent": "Weapon_Sword_Signature_Vortexstrike_Spin_Damage",
          "DamageCalculator": {
            "BaseDamage": {
              "Physical": 38
            }
          },
          "EntityStatsOnHit": [],
          "DamageEffects": {
            "WorldSoundEventId": "SFX_Sword_T2_Impact",
            "LocalSoundEventId": "SFX_Sword_T2_Impact"
          }
        }
      ]
    },
    "Vortexstrike_Stab_Damage": {
      "Interactions": [
        {
          "Parent": "Weapon_Sword_Signature_Vortexstrike_Stab_Damage",
          "DamageCalculator": {
            "BaseDamage": {
              "Physical": 115
            }
          },
          "EntityStatsOnHit": [],
          "DamageEffects": {
            "WorldSoundEventId": "SFX_Sword_T2_Impact",
            "LocalSoundEventId": "SFX_Sword_T2_Impact"
          }
        }
      ]
    },
    "Guard_Wield": {
      "Interactions": [
        {
          "Parent": "Weapon_Sword_Secondary_Guard_Wield",
          "StaminaCost": {
            "Value": 7,
            "CostType": "Damage"
          }
        }
      ]
    }
  },
  "Light": {
    "Color": "#041",
    "Radius": 1
  },
  "Trails": [
    {
      "TargetEntityPart": "PrimaryItem",
      "TargetNodeName": "Blade",
      "TrailId": "Orb_Trail_Green",
      "PositionOffset": {
        "Y": 0.8,
        "Z": -0.1
      },
      "RotationOffset": {
        "Roll": 0
      }
    }
  ],
  "Recipe": {
    "TimeSeconds": 5,
    "KnowledgeRequired": false,
    "Input": [
      {
        "ItemId": "Ingredient_Bar_Adamantite",
        "Quantity": 27
      },
      {
        "ItemId": "Ingredient_Leather_Heavy",
        "Quantity": 10
      },
      {
        "ItemId": "Ingredient_Void_Essence",
        "Quantity": 30
      },
      {
        "ItemId": "Ingredient_Voidheart",
        "Quantity": 1
      }
    ],
    "BenchRequirement": [
      {
        "Type": "Crafting",
        "Categories": [
          "Weapon_Sword"
        ],
        "Id": "Weapon_Bench",
        "RequiredTierLevel": 3
      }
    ]
  },
  "Icon": "Icons/ItemsGenerated/WanMine_Gaias_Wrath_Sword.png"
}
