{
  "TranslationProperties": {
    "Name": "items.Violet_Wardrobe_Honeycomb.name",
    "Description": "items.Violet_Wardrobe_Honeycomb.description"
  },
  "PlayerAnimationsId": "Block",
  "Categories": [
    "Furniture.Containers"
  ],
  "Set": "",
  "Icon": "Icons/ItemsGenerated/Wardrobe_Honeycomb.png",
  "IconProperties": {
    "Scale": 0.4,
    "Rotation": [
      22.5,
      45.0,
      22.5
    ],
    "Translation": [
      13.2,
      -18.0
    ]
  },
  "Recipe": {
    "Input": [
      {
        "Quantity": 12,
        "ItemId": "Wood_Softwood_Planks"
      },
      {
        "ItemId": "Plant_Petals_Yellow",
        "Quantity": 2
      }
    ],
    "BenchRequirement": [
      {
        "Id": "Bench_Violet",
        "Type": "Crafting",
        "Categories": [
          "Violet_Containers",
          "Violet_All"
        ]
      }
    ]
  },
  "BlockType": {
    "BlockParticleSetId": "Wood",
    "BlockSoundSetId": "Wood",
    "CustomModel": "Blocks/Furniture/Wardrobe_Honeycomb.blockymodel",
    "CustomModelTexture": [
      {
        "Texture": "Blocks/Furniture/Wardrobe_Honeycomb.png",
        "Weight": 1
      }
    ],
    "DrawType": "Model",
    "Flags": {
      "IsUsable": true
    },
    "Gathering": {
      "Breaking": {
        "GatherType": "Woods"
      }
    },
    "HitboxType": "Wardrobe",
    "Material": "Solid",
    "ParticleColor": "#ffd63c",
    "State": {
      "Id": "container",
      "Definitions": {
        "CloseWindow": {
          "InteractionSoundEventId": "SFX_Chest_Wooden_Close",
          "CustomModelAnimation": "Blocks/Animations/Wardrobe/Wardrobe_Close.blockyanim"
        },
        "OpenWindow": {
          "InteractionSoundEventId": "SFX_Chest_Wooden_Open",
          "CustomModelAnimation": "Blocks/Animations/Wardrobe/Wardrobe_Open.blockyanim"
        }
      },
      "Capacity": 45
    },
    "Support": {
      "Down": [
        {
          "FaceType": "Full"
        }
      ]
    },
    "VariantRotation": "NESW",
    "Interactions": {
      "Primary": "Break_Container",
      "Use": "Open_Container"
    },
    "Supporting": {
      "Up": [
        {
          "FaceType": "Full"
        }
      ]
    }
  },
  "ResourceTypes": [
    {
      "Id": "Fuel"
    },
    {
      "Id": "Charcoal"
    }
  ],
  "Tags": {
    "Type": [
      "Furniture"
    ],
    "Family": [
      "Crude"
    ]
  },
  "Scale": 0.8,
  "ItemSoundSetId": "ISS_Blocks_Wood"
}
