{
  "TranslationProperties": {
    "Name": "items.Violet_Brazier_Kweebec.name",
    "Description": "items.Violet_Brazier_Kweebec.description"
  },
  "PlayerAnimationsId": "Block",
  "Categories": [
    "Furniture.Lighting"
  ],
  "Set": "Furniture_Castle",
  "Icon": "Icons/ItemsGenerated/Brazier_Kweebec.png",
  "IconProperties": {
    "Scale": 0.5,
    "Rotation": [
      13.0,
      27.0,
      22.5
    ],
    "Translation": [
      3.0,
      -17.0
    ]
  },
  "BlockType": {
    "BlockParticleSetId": "Stone",
    "CustomModel": "Blocks/Furniture/Brazier_Kweebec.blockymodel",
    "CustomModelTexture": [
      {
        "Texture": "Blocks/Furniture/Brazier_Kweebec.png",
        "Weight": 1
      }
    ],
    "DrawType": "Model",
    "Flags": {},
    "Gathering": {
      "Breaking": {
        "GatherType": "Rocks"
      }
    },
    "HitboxType": "Brazier_Large",
    "Light": {
      "Color": "#976",
      "Radius": 0
    },
    "Material": "Solid",
    "Opacity": "Transparent",
    "Support": {
      "Down": [
        {
          "FaceType": "Full"
        }
      ]
    },
    "Supporting": {
      "Up": [
        {}
      ]
    },
    "Particles": [
      {
        "SystemId": "Campfire_New_Cartoon",
        "TargetNodeName": "Flame",
        "Scale": 1.3,
        "PositionOffset": {
          "Y": 0.8
        }
      }
    ],
    "BlockSoundSetId": "Brazier",
    "Looping": true,
    "AmbientSoundEventId": "SFX_Campfire_Default_Loop",
    "Interactions": {
      "Use": {
        "Interactions": [
          {
            "Type": "ChangeState",
            "Changes": {
              "default": "Off",
              "Off": "default"
            }
          }
        ]
      }
    },
    "State": {
      "Definitions": {
        "On": {
          "AmbientSoundEventId": "SFX_Campfire_Default_Loop"
        },
        "Off": {
          "InteractionHint": "interactionHints.turnon",
          "Light": null,
          "Particles": null,
          "InteractionSoundEventId": "SFX_Torch_Off",
          "AmbientSoundEventId": null
        }
      }
    },
    "ParticleColor": "#615d44",
    "InteractionHint": "interactionHints.turnoff",
    "RandomRotation": "None",
    "PlacementSettings": {
      "AllowRotationKey": true,
      "RotationMode": "FacingPlayer",
      "BlockPreviewVisibility": "AlwaysHidden"
    },
    "VariantRotation": "NESW"
  },
  "ResourceTypes": [
    {
      "Id": "Fuel"
    },
    {
      "Id": "Charcoal"
    }
  ],
  "Tags": {
    "Type": [
      "Furniture"
    ],
    "Family": [
      "Village"
    ]
  },
  "ItemSoundSetId": "ISS_Blocks_Stone",
  "Recipe": {
    "BenchRequirement": [
      {
        "Type": "Crafting",
        "Id": "Bench_Violet",
        "Categories": [
          "Violet_Lighting",
          "Violet_All"
        ]
      }
    ],
    "Input": [
      {
        "ItemId": "Rock_Stone_Cobble",
        "Quantity": 10
      },
      {
        "ItemId": "Ingredient_Bar_Iron",
        "Quantity": 2
      },
      {
        "ItemId": "Ingredient_Charcoal",
        "Quantity": 3
      }
    ]
  }
}
