{
  "TranslationProperties": {
    "Name": "items.Violet_Cupboard_Honeycomb.name",
    "Description": "items.Violet_Cupboard_Honeycomb.description"
  },
  "PlayerAnimationsId": "Block",
  "Categories": [
    "Furniture.Containers"
  ],
  "Set": "Furniture_Crude",
  "Icon": "Icons/ItemsGenerated/Cupboard_Honeycomb.png",
  "IconProperties": {
    "Scale": 0.5,
    "Rotation": [
      22.5,
      45.0,
      22.5
    ],
    "Translation": [
      -1.0,
      -15.0
    ]
  },
  "Recipe": {
    "Input": [
      {
        "ResourceTypeId": "Wood_All"
      },
      {
        "ItemId": "Plant_Petals_Yellow"
      }
    ],
    "BenchRequirement": [
      {
        "Id": "Bench_Violet",
        "Type": "Crafting",
        "Categories": [
          "Violet_Containers",
          "Violet_All"
        ]
      }
    ]
  },
  "BlockType": {
    "BlockParticleSetId": "Wood",
    "BlockSoundSetId": "Wood",
    "CustomModel": "Blocks/Furniture/Cupboard_Honeycomb.blockymodel",
    "CustomModelTexture": [
      {
        "Texture": "Blocks/Furniture/Wardrobe_Honeycomb.png",
        "Weight": 1
      }
    ],
    "DrawType": "Model",
    "Flags": {
      "IsUsable": true
    },
    "Gathering": {
      "Breaking": {
        "GatherType": "Woods"
      }
    },
    "HitboxType": "Chest_Small",
    "Material": "Solid",
    "ParticleColor": "#ffd63c",
    "State": {
      "Id": "container",
      "Definitions": {
        "CloseWindow": {
          "InteractionSoundEventId": "SFX_Chest_Wooden_Close",
          "CustomModelAnimation": "Blocks/Animations/Wardrobe/Wardrobe_Close.blockyanim"
        },
        "OpenWindow": {
          "InteractionSoundEventId": "SFX_Chest_Wooden_Open",
          "CustomModelAnimation": "Blocks/Animations/Wardrobe/Wardrobe_Open.blockyanim"
        }
      }
    },
    "VariantRotation": "NESW",
    "Interactions": {
      "Primary": "Break_Container",
      "Use": "Open_Container"
    },
    "Supporting": {
      "Up": [
        {
          "FaceType": "Full"
        }
      ]
    }
  },
  "ResourceTypes": [
    {
      "Id": "Fuel"
    },
    {
      "Id": "Charcoal"
    }
  ],
  "Tags": {
    "Type": [
      "Furniture"
    ],
    "Family": [
      "Crude"
    ]
  },
  "Scale": 0.8,
  "ItemSoundSetId": "ISS_Blocks_Wood"
}
