{
  "PlayerAnimationsId": "Block",
  "Categories": [
    "Furniture.Furniture"
  ],
  "Set": "Furniture_Violet",
  "IconProperties": {
    "Scale": 0.8,
    "Rotation": [
      22.5,
      45.0,
      22.5
    ],
    "Translation": [
      0.0,
      -11.0
    ]
  },
  "BlockType": {
    "BlockParticleSetId": "Clay",
    "BlockSoundSetId": "Clay_Pot_Small",
    "CustomModel": "Blocks/Furniture/Lucky_Cat.blockymodel",
    "CustomModelTexture": [
      {
        "Texture": "Blocks/Furniture/Lucky_Cat.png",
        "Weight": 0
      }
    ],
    "DrawType": "Model",
    "Flags": {},
    "HitboxType": "Beam",
    "Gathering": {
      "Soft": {}
    },
    "Material": "Solid",
    "Opacity": "Semitransparent",
    "Support": {
      "Down": [
        {
          "FaceType": "Full"
        }
      ]
    },
    "VariantRotation": "NESW",
    "ParticleColor": "#ffffff",
    "Looping": true,
    "RequiresAlphaBlending": false,
    "CubeShadingMode": "Standard",
    "CustomModelScale": 0.8,
    "CustomModelAnimation": "Blocks/Furniture/Wave.blockyanim"
  },
  "Icon": "Icons/ItemsGenerated/Lucky_Cat.png",
  "Tags": {
    "Type": [
      "Furniture"
    ]
  },
  "Model": "Blocks/Furniture/Lucky_Cat.blockymodel",
  "Texture": "Blocks/Furniture/Lucky_Cat.png",
  "Animation": "Blocks/Furniture/Wave.blockyanim",
  "TranslationProperties": {
    "Description": "items.Violet_Lucky_Cat.description",
    "Name": "items.Violet_Lucky_Cat.name"
  },
  "ItemEntity": {
    "Physics": {
      "InvertedGravity": false
    }
  },
  "Recipe": {
    "BenchRequirement": [
      {
        "Type": "Crafting",
        "Id": "Bench_Violet",
        "Categories": [
          "Violet_Decor",
          "Violet_All"
        ]
      }
    ],
    "Input": [
      {
        "ItemId": "Plant_Petals_White",
        "Quantity": 4
      },
      {
        "ItemId": "Ingredient_Bar_Gold",
        "Quantity": 1
      }
    ]
  },
  "Scale": 1.4
}
