{
  "TranslationProperties": {
    "Description": "items.Violet_Statue_Wooden_Kweebec.description",
    "Name": "items.Violet_Statue_Wooden_Kweebec.name"
  },
  "PlayerAnimationsId": "Block",
  "Categories": [
    "Blocks.Structural"
  ],
  "Set": "Furniture_Temple_Light",
  "Recipe": {
    "Input": [
      {
        "Quantity": 6,
        "ItemId": "Wood_Softwood_Planks"
      },
      {
        "ItemId": "Ingredient_Fibre",
        "Quantity": 4
      },
      {
        "Quantity": 3,
        "ItemId": "Wood_Beech_Trunk"
      }
    ],
    "BenchRequirement": [
      {
        "Type": "Crafting",
        "Id": "Bench_Violet",
        "Categories": [
          "Violet_All",
          "Violet_Decor"
        ]
      }
    ]
  },
  "IconProperties": {
    "Scale": 0.5,
    "Rotation": [
      16,
      35,
      22.5
    ],
    "Translation": [
      3,
      -24
    ]
  },
  "BlockType": {
    "BlockParticleSetId": "Wood",
    "BlockSoundSetId": "Wood",
    "CustomModel": "Blocks/Furniture/Statue_Wooden_Kweebec.blockymodel",
    "CustomModelTexture": [
      {
        "Texture": "Blocks/Furniture/Statue_Wooden_Kweebec.png",
        "Weight": 1
      }
    ],
    "DrawType": "Model",
    "Flags": {},
    "Gathering": {
      "Breaking": {
        "GatherType": "Woods"
      }
    },
    "HitboxType": "Beam",
    "Material": "Solid",
    "Opacity": "Transparent",
    "Support": {
      "Down": [
        {
          "FaceType": "Full"
        }
      ]
    },
    "VariantRotation": "NESW",
    "ParticleColor": "#483327"
  },
  "Icon": "Icons/ItemsGenerated/Violet_Statue_Kweebec_Wood.png",
  "Tags": {
    "Type": [
      "Furniture"
    ],
    "Family": [
      "Kweebec"
    ]
  },
  "ItemSoundSetId": "ISS_Blocks_Wood",
  "Scale": 1.2
}
