{
  "TranslationProperties": {
    "Name": "items.Violet_Stool_Honeycomb.name",
    "Description": "items.Violet_Stool_Honeycomb.description"
  },
  "Icon": "Icons/ItemsGenerated/Violet_Stool_Honeycomb.png",
  "Categories": [
    "Furniture.Furniture"
  ],
  "Interactions": {
    "Primary": "Block_Primary",
    "Secondary": "Block_Secondary"
  },
  "Recipe": {
    "Input": [
      {
        "ItemId": "Wood_Softwood_Planks",
        "Quantity": 4
      },
      {
        "ItemId": "Plant_Petals_Yellow"
      }
    ],
    "BenchRequirement": [
      {
        "Id": "Bench_Violet",
        "Type": "Crafting",
        "Categories": [
          "Violet_Seating",
          "Violet_All"
        ]
      }
    ]
  },
  "BlockType": {
    "Material": "Solid",
    "DrawType": "Model",
    "Opacity": "Transparent",
    "CustomModelTexture": [
      {
        "Texture": "Blocks/Furniture/Stool_Honeycomb.png",
        "Weight": 1
      }
    ],
    "Group": "Wood",
    "HitboxType": "Furniture_Stool",
    "Gathering": {
      "Breaking": {
        "GatherType": "Woods"
      }
    },
    "VariantRotation": "NESW",
    "Seats": [
      {
        "Offset": {
          "X": 0,
          "Y": 0,
          "Z": 0.2
        },
        "Yaw": 0
      }
    ],
    "Interactions": {
      "Use": "Block_Seat"
    },
    "Flags": {},
    "BlockParticleSetId": "Wood",
    "Support": {
      "Down": [
        {
          "FaceType": "Full"
        }
      ]
    },
    "CustomModel": "Blocks/Furniture/Stool_Honeycomb.blockymodel",
    "ParticleColor": "#ffd63c",
    "BlockSoundSetId": "Wood"
  },
  "PlayerAnimationsId": "Block",
  "IconProperties": {
    "Scale": 0.7,
    "Rotation": [
      22.5,
      45.0,
      22.5
    ],
    "Translation": [
      0.0,
      -10.0
    ]
  },
  "ResourceTypes": [
    {
      "Id": "Fuel"
    },
    {
      "Id": "Charcoal"
    }
  ],
  "Tags": {
    "Type": [
      "Furniture"
    ],
    "Family": []
  }
}
