{
  "Categories": [
    "Furniture.Benches"
  ],
  "Recipe": {
    "Input": [
      {
        "ResourceTypeId": "Wood_Hardwood_Trunk",
        "Quantity": 20
      },
      {
        "ItemId": "Ingredient_Tree_Sap",
        "Quantity": 20
      },
      {
        "ItemId": "Ingredient_Bar_Iron",
        "Quantity": 20
      }
    ],
    "BenchRequirement": [
      {
        "Type": "Crafting",
        "Id": "NoCube_Bench_Brewing_Cauldron",
        "RequiredTierLevel": 2,
        "Categories": [
          "NoCube_Bench_Brewing_Cauldron_Equipment"
        ]
      }
    ]
  },
  "BlockType": {
    "Material": "Solid",
    "DrawType": "Model",
    "ParticleColor": "#8c5e41",
    "Opacity": "Transparent",
    "CustomModel": "Blocks/Benches/NoCube_Aging_Cask.blockymodel",
    "CustomModelTexture": [
      {
        "Weight": 1,
        "Texture": "Blocks/Benches/NoCube_Aging_Cask.png"
      }
    ],
    "CustomModelScale": 1,
    "HitboxType": "Bench_Campfire",
    "Flags": {
      "IsStackable": false
    },
    "Bench": {
      "Type": "Processing",
      "Input": [
        {
          "Icon": "Icons/Processing/NoCube_Wine_Slot.png"
        }
      ],
      "ExtraOutput": {
        "Outputs": []
      },
      "OutputSlotsCount": 1,
      "Id": "NoCube_Aging_Cask",
      "IconItem": "Bench_Campfire",
      "Icon": "Campfire.png",
      "LocalOpenSoundEventId": "SFX_Workbench_Open",
      "LocalCloseSoundEventId": "SFX_Workbench_Close",
      "EndSoundEventId": "SFX_Campfire_Processing_End",
      "FailedSoundEventId": "SFX_Campfire_Processing_Failed",
      "TierLevels": [
        {
          "UpgradeRequirement": {
            "Material": [
              {
                "ResourceTypeId": "Wood_Trunk",
                "Quantity": 10
              },
              {
                "ResourceTypeId": "Rock",
                "Quantity": 10
              },
              {
                "ItemId": "Ingredient_Tree_Sap",
                "Quantity": 10
              },
              {
                "ItemId": "Ingredient_Bar_Iron",
                "Quantity": 3
              }
            ],
            "TimeSeconds": 1
          },
          "CraftingTimeReductionModifier": 0.0
        },
        {
          "CraftingTimeReductionModifier": 0.3
        }
      ]
    },
    "State": {
      "Id": "processingBench",
      "Definitions": {
        "Processing": {
          "Looping": true,
          "CustomModel": "Blocks/Benches/NoCube_Aging_Cask.blockymodel",
          "CustomModelAnimation": "Blocks/Benches/NoCube_Aging_Cask_Fermenting.blockyanim",
          "CustomModelTexture": [
            {
              "Weight": 1,
              "Texture": "Blocks/Benches/NoCube_Aging_Cask.png"
            }
          ]
        },
        "ProcessCompleted": {
          "CustomModel": "Blocks/Benches/NoCube_Aging_Cask.blockymodel",
          "CustomModelAnimation": "Blocks/Benches/NoCube_Aging_Cask_Fermenting.blockyanim",
          "CustomModelTexture": [
            {
              "Weight": 1,
              "Texture": "Blocks/Benches/NoCube_Aging_Cask.png"
            }
          ],
          "Looping": true,
          "Particles": [
            {
              "SystemId": "NoCube_Quern_Particles",
              "Scale": 1
            }
          ]
        }
      }
    },
    "Gathering": {
      "Breaking": {
        "GatherType": "Benches"
      }
    },
    "BlockParticleSetId": "Wood",
    "Support": {
      "Down": [
        {
          "FaceType": "Full"
        }
      ]
    },
    "BlockSoundSetId": "Wood",
    "VariantRotation": "NESW",
    "Looping": true,
    "Interactions": {
      "Use": "Open_Processing_Bench"
    }
  },
  "PlayerAnimationsId": "Block",
  "IconProperties": {
    "Scale": 0.58823,
    "Rotation": [
      22.5,
      45,
      22.5
    ],
    "Translation": [
      0,
      -13
    ]
  },
  "Icon": "Icons/ItemsGenerated/NoCube_Bench_Aging_Cask.png",
  "Tags": {
    "Type": [
      "Bench"
    ]
  },
  "ItemSoundSetId": "ISS_Blocks_Wood",
  "MaxStack": 10
}
