{
  "Icon": "Icons/ItemsGenerated/NoCube_Bench_Brewing_Cauldron.png",
  "Categories": [
    "Furniture.Benches"
  ],
  "Recipe": {
    "TimeSeconds": 0,
    "Input": [
      {
        "ResourceTypeId": "Wood_Trunk",
        "Quantity": 20
      },
      {
        "ResourceTypeId": "Rock",
        "Quantity": 20
      },
      {
        "ItemId": "Ingredient_Bar_Copper",
        "Quantity": 10
      },
      {
        "ItemId": "*Container_Bucket_State_Filled_Water",
        "Quantity": 1
      }
    ],
    "BenchRequirement": [
      {
        "Id": "Workbench",
        "Type": "Crafting",
        "Categories": [
          "Workbench_Crafting"
        ]
      }
    ]
  },
  "BlockType": {
    "Material": "Solid",
    "DrawType": "Model",
    "Opacity": "Transparent",
    "CustomModel": "Blocks/Benches/NoCube_Brewing_Cauldron2.blockymodel",
    "CustomModelTexture": [
      {
        "Texture": "Blocks/Benches/NoCube_Brewing_Cauldron2.png",
        "Weight": 1
      }
    ],
    "Particles": [
      {
        "SystemId": "NoCube_Boiling_Bubbles",
        "TargetEntityPart": "PrimaryItem",
        "TargetNodeName": "Middle"
      },
      {
        "SystemId": "NoCube_Water_Steam",
        "TargetEntityPart": "PrimaryItem",
        "TargetNodeName": "Middle"
      }
    ],
    "HitboxType": "Bench_Workbench",
    "VariantRotation": "NESW",
    "Bench": {
      "Type": "Crafting",
      "LocalOpenSoundEventId": "SFX_Campfire_Open_Local",
      "LocalCloseSoundEventId": "SFX_Campfire_Close_Local",
      "CompletedSoundEventId": "SFX_Alchemy_Bench_Craft",
      "Categories": [
        {
          "Id": "NoCube_Bench_Brewing_Cauldron_Equipment",
          "Icon": "Icons/CraftingCategories/NoCube_Bench_Brewing_Cauldron/Equipment.png",
          "Name": "Brewing Equipment"
        },
        {
          "Id": "NoCube_Bench_Brewing_Cauldron_Ingredients",
          "Icon": "Icons/CraftingCategories/NoCube_Bench_Brewing_Cauldron/Main.png",
          "Name": "Ingredient Mixing"
        },
        {
          "Id": "NoCube_Bench_Brewing_Cauldron_Deco",
          "Icon": "Icons/CraftingCategories/NoCube_Bench_Brewing_Cauldron/Deco.png",
          "Name": "Tavern Deco"
        }
      ],
      "Id": "NoCube_Bench_Brewing_Cauldron",
      "TierLevels": [
        {
          "CraftingTimeReductionModifier": 0.0,
          "UpgradeRequirement": {
            "Material": [
              {
                "ItemId": "NoCube_Plant_Crop_Hops_Item",
                "Quantity": 10
              },
              {
                "ItemId": "Ingredient_Fabric_Scrap_Linen",
                "Quantity": 3
              },
              {
                "ItemId": "NoCube_Drink_Peasant_Beer",
                "Quantity": 3
              }
            ],
            "TimeSeconds": 1.0
          }
        },
        {
          "CraftingTimeReductionModifier": 0.0,
          "UpgradeRequirement": {
            "Material": [
              {
                "ItemId": "Ingredient_Life_Essence",
                "Quantity": 10
              },
              {
                "ItemId": "NoCube_Drink_Ale",
                "Quantity": 3
              },
              {
                "ItemId": "NoCube_Drink_Apple_Cider",
                "Quantity": 3
              }
            ],
            "TimeSeconds": 1.0
          }
        }
      ]
    },
    "State": {
      "Id": "crafting",
      "Definitions": {
        "CraftCompleted": {
          "CustomModelAnimation": "Blocks/Benches/Alchemy_Crafting.blockyanim"
        }
      }
    },
    "Gathering": {
      "Breaking": {
        "GatherType": "Benches"
      }
    },
    "BlockParticleSetId": "Metal",
    "ParticleColor": "#a67640",
    "Support": {
      "Down": [
        {
          "FaceType": "Full"
        }
      ]
    },
    "BlockSoundSetId": "Metal"
  },
  "PlayerAnimationsId": "Block",
  "IconProperties": {
    "Scale": 0.37,
    "Rotation": [
      22.5,
      45,
      22.5
    ],
    "Translation": [
      12.9,
      -11.7
    ]
  },
  "Tags": {
    "Type": [
      "Bench"
    ]
  },
  "MaxStack": 1,
  "ItemSoundSetId": "ISS_Blocks_Wood"
}
