{
  "TranslationProperties": {
    "Name": "server.items.NoCube_Plant_Fruit_Persimmon.name",
    "Description": "server.items.Plant_Fruit_Apple.description"
  },
  "Icon": "Icons/ItemsGenerated/NoCube_Plant_Fruit_Persimmon.png",
  "Parent": "Template_Fruit",
  "BlockType": {
    "CustomModel": "Items/Consumables/NoCube_Persimmon.blockymodel",
    "Scale": 1,
    "CustomModelTexture": [
      {
        "Texture": "Items/Consumables/NoCube_Persimmon.png"
      }
    ],
    "ParticleColor": "#518e2e"
  },
  "ItemLevel": 10,
  "IconProperties": {
    "Scale": 0.8,
    "Rotation": [
      22.5,
      45,
      22.5
    ],
    "Translation": [
      0,
      -8
    ]
  },
  "Scale": 1.75,
  "DropOnDeath": true
}
