{
  "TranslationProperties": {
    "Name": "server.items.NoCube_Plant_Fruit_Lemon.name",
    "Description": "server.items.NoCube_Plant_Fruit_Lemon.description"
  },
  "Icon": "Icons/ItemsGenerated/NoCube_Plant_Fruit_Lemon.png",
  "Parent": "Template_Fruit",
  "BlockType": {
    "CustomModel": "Items/Consumables/NoCube_Lemon.blockymodel",
    "CustomModelTexture": [
      {
        "Texture": "Items/Consumables/NoCube_Lemon.png"
      }
    ],
    "ParticleColor": "#518e2e"
  },
  "InteractionVars": {
    "Effect": {
      "Interactions": [
        "HealthRegen_TierCheck_T2",
        "FruitVeggie_TierCheck_T2",
        "NoCube_Lemon_Buff_Check"
      ]
    }
  },
  "ItemLevel": 10,
  "IconProperties": {
    "Scale": 0.7,
    "Rotation": [
      9,
      51,
      20
    ],
    "Translation": [
      2,
      -15
    ]
  },
  "Scale": 1.75,
  "DropOnDeath": true
}
