{
  "TranslationProperties": {
    "Name": "server.items.NoCube_Plant_Fruit_Mandarin.name",
    "Description": "server.items.Plant_Fruit_Apple.description"
  },
  "Icon": "Icons/ItemsGenerated/NoCube_Plant_Fruit_Mandarin.png",
  "Parent": "Template_Fruit",
  "BlockType": {
    "CustomModel": "Items/Consumables/NoCube_Mandarin.blockymodel",
    "CustomModelTexture": [
      {
        "Texture": "Items/Consumables/NoCube_Mandarin.png"
      }
    ],
    "ParticleColor": "#518e2e"
  },
  "ItemLevel": 10,
  "IconProperties": {
    "Scale": 0.7,
    "Rotation": [
      9,
      51,
      20
    ],
    "Translation": [
      2,
      -12
    ]
  },
  "Scale": 1.75,
  "DropOnDeath": true
}
