{
  "TranslationProperties": {
    "Name": "server.items.NoCube_Plant_Fruit_Pear.name",
    "Description": "server.items.Plant_Fruit_Apple.description"
  },
  "Icon": "Icons/ItemsGenerated/NoCube_Plant_Fruit_Pear.png",
  "Parent": "Template_Fruit",
  "BlockType": {
    "CustomModel": "Items/Consumables/NoCube_Pear.blockymodel",
    "CustomModelTexture": [
      {
        "Texture": "Items/Consumables/NoCube_Pear.png"
      }
    ],
    "ParticleColor": "#518e2e"
  },
  "ItemLevel": 10,
  "IconProperties": {
    "Scale": 0.7,
    "Rotation": [
      9,
      51,
      20
    ],
    "Translation": [
      1,
      -14
    ]
  },
  "Scale": 1.75,
  "DropOnDeath": true
}
