{
  "TranslationProperties": {
    "Name": "server.items.NoCube_Plant_Fruit_Apricot.name",
    "Description": "server.items.NoCube_Plant_Fruit_Apricot.description"
  },
  "Parent": "Template_Fruit",
  "BlockType": {
    "CustomModel": "Items/Consumables/NoCube_Apricot.blockymodel",
    "CustomModelTexture": [
      {
        "Texture": "Items/Consumables/NoCube_Apricot.png"
      }
    ],
    "ParticleColor": "#518e2e"
  },
  "ItemLevel": 10,
  "IconProperties": {
    "Scale": 0.8,
    "Rotation": [
      32,
      339,
      360
    ],
    "Translation": [
      1,
      -10
    ]
  },
  "Scale": 1.75,
  "DropOnDeath": true,
  "Icon": "Icons/ItemsGenerated/NoCube_Plant_Fruit_Apricot.png"
}
