{
  "Parent": "Violet_Ottoman_Contemporary_White",
  "BlockType": {
    "CustomModelTexture": [
      {
        "Texture": "Blocks/Furniture/Contemporary/Ottoman/Ottoman_Cyan.png",
        "Weight": 1
      }
    ],
    "DrawType": "Model"
  },
  "Quality": "Violet_Furniture_Customisable",
  "Icon": "Icons/ItemsGenerated/Violet_Ottoman_Contemporary_Cyan.png",
  "IconProperties": {
    "Scale": 0.7,
    "Rotation": [
      22.5,
      45,
      22.5
    ],
    "Translation": [
      0,
      -9
    ]
  }
}
