{
  "TranslationProperties": {
    "Name": "items.Violet_Ottoman_Contemporary.name",
    "Description": "items.Violet_Desc_Customisable.description"
  },
  "PlayerAnimationsId": "Block",
  "Categories": [
    "Furniture.Furniture"
  ],
  "Set": "Furniture_Tavern",
  "Icon": "Icons/ItemsGenerated/Violet_Ottoman_Contemporary_White.png",
  "Recipe": {
    "BenchRequirement": [
      {
        "Type": "Crafting",
        "Id": "Bench_Violet",
        "Categories": [
          "Violet_All",
          "Violet_Seating"
        ]
      }
    ],
    "Input": [
      {
        "Quantity": 2,
        "ItemId": "Wood_Softwood_Planks"
      },
      {
        "ItemId": "Ingredient_Fibre",
        "Quantity": 4
      }
    ]
  },
  "BlockType": {
    "BlockParticleSetId": "Wood",
    "CustomModel": "Blocks/Furniture/Contemporary/Ottoman/Ottoman.blockymodel",
    "CustomModelTexture": [
      {
        "Texture": "Blocks/Furniture/Contemporary/Ottoman/Ottoman_White.png",
        "Weight": 1
      }
    ],
    "DrawType": "Model",
    "Flags": {},
    "Gathering": {
      "Breaking": {
        "GatherType": "Woods"
      }
    },
    "Group": "Wood",
    "HitboxType": "Furniture_Stool",
    "Material": "Solid",
    "Opacity": "Transparent",
    "ParticleColor": "#543022",
    "Support": {
      "Down": [
        {
          "FaceType": "Full"
        }
      ]
    },
    "BlockSoundSetId": "Wood",
    "VariantRotation": "NESW",
    "Seats": [
      {
        "Offset": {
          "X": 0,
          "Y": 0,
          "Z": 0.12
        },
        "Yaw": 0
      }
    ],
    "Interactions": {
      "Use": "Block_Seat"
    }
  },
  "Model": "Blocks/Decorative_Sets/Tavern/Stool.blockymodel",
  "Texture": "Blocks/Decorative_Sets/Tavern/Stool_Texture.png",
  "ResourceTypes": [
    {
      "Id": "Fuel"
    },
    {
      "Id": "Charcoal"
    }
  ],
  "Tags": {
    "Type": [
      "Furniture"
    ],
    "Family": [
      "Tavern"
    ]
  },
  "ItemSoundSetId": "ISS_Blocks_Wood",
  "IconProperties": {
    "Scale": 0.7,
    "Rotation": [
      22.5,
      45,
      22.5
    ],
    "Translation": [
      0,
      -9
    ]
  },
  "Quality": "Violet_Furniture_Customisable"
}
