{
  "TranslationProperties": {
    "Name": "items.Violet_Ottoman_Wide_Contemporary.name",
    "Description": "items.Violet_Desc_Customisable.description"
  },
  "PlayerAnimationsId": "Block",
  "Categories": [
    "Furniture.Furniture"
  ],
  "Set": "Furniture_Tavern",
  "Recipe": {
    "BenchRequirement": [
      {
        "Type": "Crafting",
        "Id": "Bench_Violet",
        "Categories": [
          "Violet_All",
          "Violet_Seating"
        ]
      }
    ],
    "Input": [
      {
        "Quantity": 2,
        "ItemId": "Wood_Softwood_Planks"
      },
      {
        "ItemId": "Ingredient_Fibre",
        "Quantity": 8
      }
    ]
  },
  "Icon": "Icons/ItemsGenerated/Violet_Ottoman_Wide_Contemporary_White.png",
  "IconProperties": {
    "Scale": 0.48,
    "Rotation": [
      22.5,
      45,
      22.5
    ],
    "Translation": [
      12,
      -3
    ]
  },
  "Interactions": {
    "Primary": "Block_Primary",
    "Secondary": "Block_Secondary"
  },
  "BlockType": {
    "BlockParticleSetId": "Dust",
    "CustomModel": "Blocks/Furniture/Contemporary/Ottoman/Ottoman_Wide.blockymodel",
    "CustomModelTexture": [
      {
        "Texture": "Blocks/Furniture/Contemporary/Ottoman/Ottoman_White.png",
        "Weight": 1
      }
    ],
    "DrawType": "Model",
    "Flags": {},
    "Gathering": {
      "Breaking": {
        "GatherType": "Woods"
      }
    },
    "Group": "Wood",
    "HitboxType": "Bench",
    "Material": "Solid",
    "Opacity": "Transparent",
    "ParticleColor": "#ffffff",
    "Support": {
      "Down": [
        {
          "FaceType": "Full"
        }
      ]
    },
    "Seats": [
      {
        "Offset": {
          "X": 0,
          "Y": 0,
          "Z": 0.2
        },
        "Yaw": 0
      },
      {
        "Offset": {
          "X": -1,
          "Y": 0,
          "Z": 0.2
        },
        "Yaw": 0
      }
    ],
    "Interactions": {
      "Use": "Block_Seat"
    },
    "VariantRotation": "NESW",
    "BlockSoundSetId": "Wood"
  },
  "Model": "Blocks/Decorative_Sets/Tavern/Bench.blockymodel",
  "Texture": "Blocks/Decorative_Sets/Tavern/Bench_Texture.png",
  "ResourceTypes": [
    {
      "Id": "Fuel"
    },
    {
      "Id": "Charcoal"
    }
  ],
  "Tags": {
    "Type": [
      "Furniture"
    ],
    "Family": [
      "Tavern"
    ]
  },
  "ItemSoundSetId": "ISS_Blocks_Wood",
  "Quality": "Violet_Furniture_Customisable"
}
