{
  "TranslationProperties": {
    "Name": "items.NoCube_Deco_Glass_Jug_Crated.name"
  },
  "Icon": "Icons/ItemsGenerated/NoCube_Deco_Glass_Jug_Crated.png",
  "Categories": [
    "Blocks.Deco"
  ],
  "ItemLevel": 6,
  "Recipe": {
    "Input": [
      {
        "ItemId": "NoCube_Deco_Glass_Jug",
        "Quantity": 1
      },
      {
        "ItemId": "Ingredient_Stick",
        "Quantity": 4
      }
    ],
    "BenchRequirement": [
      {
        "Type": "Crafting",
        "Id": "NoCube_Bench_Brewing_Cauldron",
        "Categories": [
          "NoCube_Bench_Brewing_Cauldron_Deco"
        ]
      },
      {
        "Type": "Crafting",
        "Id": "Furniture_Bench",
        "Categories": [
          "Furniture_Misc"
        ]
      }
    ]
  },
  "BlockType": {
    "DrawType": "Model",
    "Opacity": "Semitransparent",
    "CustomModel": "Blocks/Miscellaneous/NoCube_Glass_Jug_Crated.blockymodel",
    "CustomModelTexture": [
      {
        "Texture": "Blocks/Miscellaneous/NoCube_Glass_Jug_Crated.png",
        "Weight": 1
      }
    ],
    "Flags": {
      "IsStackable": false
    },
    "RandomRotation": "YawStep1",
    "Gathering": {
      "Soft": {}
    },
    "BlockParticleSetId": "Wood",
    "BlockSoundSetId": "Wood",
    "ParticleColor": "#7e5b34",
    "CustomModelScale": 1
  },
  "PlayerAnimationsId": "Block",
  "Tags": {
    "Type": [
      "Deco"
    ]
  },
  "ItemSoundSetId": "ISS_Blocks_Wood",
  "IconProperties": {
    "Scale": 0.8,
    "Rotation": [
      335,
      136,
      22.5
    ],
    "Translation": [
      0,
      -11
    ]
  }
}
