{
  "TranslationProperties": {
    "Description": "items.Violet_Grandfather_Clock.description",
    "Name": "items.Violet_Clock_Antique.name"
  },
  "PlayerAnimationsId": "Block",
  "Categories": [
    "Blocks.Structural"
  ],
  "Set": "",
  "Recipe": {
    "Input": [
      {
        "ItemId": "Wood_Hardwood_Planks",
        "Quantity": 2
      },
      {
        "ItemId": "Violet_Resource_Gear",
        "Quantity": 1
      }
    ],
    "BenchRequirement": [
      {
        "Type": "Crafting",
        "Id": "Bench_Violet",
        "Categories": [
          "Violet_All",
          "Violet_Decor"
        ]
      }
    ]
  },
  "IconProperties": {
    "Scale": 0.8,
    "Rotation": [
      22.5,
      45,
      22.5
    ],
    "Translation": [
      0,
      -8
    ]
  },
  "BlockType": {
    "BlockParticleSetId": "Wood",
    "BlockSoundSetId": "Wood",
    "CustomModel": "Blocks/Furniture/Antique/Clock/Antique_Clock.blockymodel",
    "CustomModelTexture": [
      {
        "Texture": "Blocks/Furniture/Antique/Clock/Antique_Clock.png",
        "Weight": 1
      }
    ],
    "DrawType": "Model",
    "Flags": {},
    "Gathering": {
      "Breaking": {
        "GatherType": "Woods"
      }
    },
    "HitboxType": "Beam",
    "Material": "Solid",
    "Opacity": "Transparent",
    "Support": {
      "Down": [
        {
          "FaceType": "Full"
        }
      ]
    },
    "VariantRotation": "NESW",
    "ParticleColor": "#483327",
    "CustomModelAnimation": "Blocks/Furniture/Clock_Loop.blockyanim",
    "AmbientSoundEventId": "SFX_Clock_Loop",
    "Looping": true
  },
  "Icon": "Icons/ItemsGenerated/Violet_Clock_Antique.png",
  "Tags": {
    "Type": [
      "Furniture"
    ],
    "Family": [
      "Kweebec"
    ]
  },
  "ItemSoundSetId": "ISS_Blocks_Wood",
  "Scale": 1.2
}
