{
  "TranslationProperties": {
    "Name": "items.Violet_Table_Antique.name"
  },
  "PlayerAnimationsId": "Block",
  "Categories": [
    "Furniture.Furniture"
  ],
  "Set": "Furniture_Tavern",
  "Icon": "Icons/ItemsGenerated/Violet_Table_Antique.png",
  "IconProperties": {
    "Scale": 0.32,
    "Rotation": [
      22.5,
      45,
      22.5
    ],
    "Translation": [
      -22,
      -17
    ]
  },
  "Recipe": {
    "BenchRequirement": [
      {
        "Type": "Crafting",
        "Id": "Bench_Violet",
        "Categories": [
          "Violet_All",
          "Violet_Surfaces"
        ]
      }
    ],
    "Input": [
      {
        "Quantity": 6,
        "ItemId": "Wood_Hardwood_Planks"
      }
    ]
  },
  "BlockType": {
    "BlockParticleSetId": "Wood",
    "CustomModel": "Blocks/Furniture/Antique/Table/Table.blockymodel",
    "CustomModelTexture": [
      {
        "Texture": "Blocks/Furniture/Antique/Table/Antique_Table.png",
        "Weight": 1
      }
    ],
    "DrawType": "Model",
    "Flags": {},
    "Gathering": {
      "Breaking": {
        "GatherType": "Woods"
      }
    },
    "Group": "Wood",
    "HitboxType": "Table",
    "Material": "Solid",
    "Opacity": "Transparent",
    "ParticleColor": "#c78741",
    "Supporting": {
      "Up": [
        {}
      ]
    },
    "Support": {
      "Down": [
        {
          "FaceType": "Full"
        }
      ]
    },
    "BlockSoundSetId": "Wood",
    "VariantRotation": "NESW"
  },
  "Model": "Blocks/Decorative_Sets/Tavern/Table.blockymodel",
  "Texture": "Blocks/Decorative_Sets/Tavern/Table_Texture.png",
  "ResourceTypes": [
    {
      "Id": "Fuel"
    },
    {
      "Id": "Charcoal"
    }
  ],
  "Tags": {
    "Type": [
      "Furniture"
    ],
    "Family": [
      "Tavern"
    ]
  },
  "Scale": 0.6,
  "ItemSoundSetId": "ISS_Blocks_Wood"
}
