{
	"Model": "NPC/Livestock/Camel/Models/Model.blockymodel",
	"Texture": "NPC/Livestock/Camel/Models/Texture.png",
	"EyeHeight": 2.6,
	"CrouchOffset": -0.4,
	"HitBox": {
		"Max": {
			"X": 0.8,
			"Y": 2.65,
			"Z": 0.8
		},
		"Min": {
			"X": -0.8,
			"Y": 0,
			"Z": -0.8
		}
	},
	"Camera": {
		"Pitch": {
			"AngleRange": {
				"Max": 45,
				"Min": -15
			},
			"TargetNodes": [
				"Head"
			]
		},
		"Yaw": {
			"AngleRange": {
				"Max": 30,
				"Min": -30
			},
			"TargetNodes": [
				"Head"
			]
		}
	},
	"RandomAttachmentSets": {
		"Shell": {
			"Blue": {
				"Model": "NPC/Livestock/Camel/Models/Attachments/Shell.blockymodel",
				"Texture": "NPC/Livestock/Camel/Models/Attachments/Shell_Textures/Blue.png",
				"Weight": 3
			},
			"Green": {
				"Model": "NPC/Livestock/Camel/Models/Attachments/Shell.blockymodel",
				"Texture": "NPC/Livestock/Camel/Models/Attachments/Shell_Textures/Green.png",
				"Weight": 100
			},
			"Orange": {
				"Model": "NPC/Livestock/Camel/Models/Attachments/Shell.blockymodel",
				"Texture": "NPC/Livestock/Camel/Models/Attachments/Shell_Textures/Orange.png",
				"Weight": 50
			},
			"Purple": {
				"Model": "NPC/Livestock/Camel/Models/Attachments/Shell.blockymodel",
				"Texture": "NPC/Livestock/Camel/Models/Attachments/Shell_Textures/Purple.png",
				"Weight": 2
			},
			"Red": {
				"Model": "NPC/Livestock/Camel/Models/Attachments/Shell.blockymodel",
				"Texture": "NPC/Livestock/Camel/Models/Attachments/Shell_Textures/Red.png"
			},
			"Yellow": {
				"Model": "NPC/Livestock/Camel/Models/Attachments/Shell.blockymodel",
				"Texture": "NPC/Livestock/Camel/Models/Attachments/Shell_Textures/Yellow.png",
				"Weight": 50
			},
			"Empty": {
				"Model": "NPC/Livestock/Camel/Models/Attachments/Shell.blockymodel",
				"Texture": "NPC/Livestock/Camel/Models/Attachments/Shell_Textures/Empty.png",
				"Weight": 5
			}
		},
		"BaseColor": {
			"0": {
				"Model": "NPC/Livestock/Camel/Models/Model.blockymodel",
				"Texture": "NPC/Livestock/Camel/Models/Attachments/Base_0.png",
				"Weight": 3
			},
			"1": {
				"Model": "NPC/Livestock/Camel/Models/Model.blockymodel",
				"Texture": "NPC/Livestock/Camel/Models/Attachments/Base_1.png"
			},
			"2": {
				"Model": "NPC/Livestock/Camel/Models/Model.blockymodel",
				"Texture": "NPC/Livestock/Camel/Models/Attachments/Base_2.png"
			},
			"3": {
				"Model": "NPC/Livestock/Camel/Models/Model.blockymodel",
				"Texture": "NPC/Livestock/Camel/Models/Attachments/Base_3.png"
			},
			"4": {
				"Model": "NPC/Livestock/Camel/Models/Model.blockymodel",
				"Texture": "NPC/Livestock/Camel/Models/Attachments/Base_4.png"
			},
			"5": {
				"Model": "NPC/Livestock/Camel/Models/Model.blockymodel",
				"Texture": "NPC/Livestock/Camel/Models/Attachments/Base_5.png"
			}
		}
	},
	"AnimationSets": {
		"Spawn": {
			"Animations": [
				{
					"Animation": "NPC/Livestock/Camel/Animations/Default/Spawn.blockyanim",
					"Looping": false,
					"BlendingDuration": 0.2
				}
			]
		},
		"Idle": {
			"Animations": [
				{
					"Animation": "NPC/Livestock/Camel/Animations/Default/Idle.blockyanim"
				}
			]
		},
		"Walk": {
			"Animations": [
				{
					"Animation": "NPC/Livestock/Camel/Animations/Default/Walk.blockyanim",
					"SoundEventId": "SFX_Camel_Walk"
				}
			]
		},
		"WalkBackward": {
			"Animations": [
				{
					"Animation": "NPC/Livestock/Camel/Animations/Default/Walk_Backward.blockyanim"
				}
			]
		},
		"Run": {
			"Animations": [
				{
					"Animation": "NPC/Livestock/Camel/Animations/Default/Run.blockyanim",
					"SoundEventId": "SFX_Camel_Run"
				}
			]
		},
		"Crouch": {
			"Animations": [
				{
					"Animation": "NPC/Livestock/Camel/Animations/Default/Crouch.blockyanim",
					"BlendingDuration": 0.1
				}
			]
		},
		"CrouchWalk": {
			"Animations": [
				{
					"Animation": "NPC/Livestock/Camel/Animations/Default/Crouch_Walk.blockyanim",
					"BlendingDuration": 0.1
				}
			]
		},
		"CrouchWalkBackward": {
			"Animations": [
				{
					"Animation": "NPC/Livestock/Camel/Animations/Default/Crouch_Walk.blockyanim",
					"BlendingDuration": 0.1
				}
			]
		},
		"Jump": {
			"Animations": [
				{
					"Animation": "NPC/Livestock/Camel/Animations/Default/Jump.blockyanim",
					"BlendingDuration": 0.1,
					"Looping": false,
					"Speed": 0.8
				}
			]
		},
		"JumpWalk": {
			"Animations": [
				{
					"Animation": "NPC/Livestock/Camel/Animations/Default/Jump_Far.blockyanim",
					"BlendingDuration": 0.1,
					"Looping": false,
					"Speed": 0.8
				}
			]
		},
		"JumpRun": {
			"Animations": [
				{
					"Animation": "NPC/Livestock/Camel/Animations/Default/Jump_Far.blockyanim",
					"BlendingDuration": 0.1,
					"Looping": false,
					"Speed": 0.8
				}
			]
		},
		"Fall": {
			"Animations": [
				{
					"Animation": "NPC/Livestock/Camel/Animations/Default/Fall.blockyanim",
					"BlendingDuration": 0.4
				}
			]
		},
		"Alerted": {
			"Animations": [
				{
					"Animation": "NPC/Livestock/Camel/Animations/Default/Alerted.blockyanim",
					"Looping": false,
					"SoundEventId": "SFX_Camel_Alerted"
				}
			]
		},
		"Hurt": {
			"Animations": [
				{
					"Animation": "NPC/Livestock/Camel/Animations/Damage/Hurt.blockyanim",
					"BlendingDuration": 0.1,
					"Looping": false,
					"SoundEventId": "SFX_Camel_Hurt"
				},
				{
					"Animation": "NPC/Livestock/Camel/Animations/Damage/Hurt2.blockyanim",
					"BlendingDuration": 0.1,
					"Looping": false
				}
			]
		},
		"Death": {
			"Animations": [
				{
					"Animation": "NPC/Livestock/Camel/Animations/Damage/Death.blockyanim",
					"Looping": false,
					"SoundEventId": "SFX_Camel_Death"
				}
			]
		},
		"Laydown": {
			"Animations": [
				{
					"Animation": "NPC/Livestock/Camel/Animations/Default/Laydown.blockyanim",
					"Looping": false,
					"SoundEventId": "SFX_Camel_Laydown"
				}
			]
		},
		"Sleep": {
			"Animations": [
				{
					"Animation": "NPC/Livestock/Camel/Animations/Default/Sleep.blockyanim",
					"SoundEventId": "SFX_Camel_Sleep"
				}
			]
		},
		"Wake": {
			"Animations": [
				{
					"Animation": "NPC/Livestock/Camel/Animations/Default/Wake.blockyanim",
					"Looping": false,
					"SoundEventId": "SFX_Camel_Wake"
				}
			]
		},
		"FlyIdle": {
			"Animations": [
				{
					"Animation": "NPC/Livestock/Camel/Animations/Fly/Fly_Idle.blockyanim"
				}
			]
		},
		"Fly": {
			"Animations": [
				{
					"Animation": "NPC/Livestock/Camel/Animations/Fly/Fly.blockyanim"
				}
			]
		},
		"FlyFast": {
			"Animations": [
				{
					"Animation": "NPC/Livestock/Camel/Animations/Fly/Fly_Fast.blockyanim"
				}
			]
		},
		"FlyBackward": {
			"Animations": [
				{
					"Animation": "NPC/Livestock/Camel/Animations/Fly/Fly_Backward.blockyanim"
				}
			]
		},
		"SwimIdle": {
			"Animations": [
				{
					"Animation": "NPC/Livestock/Camel/Animations/Swim/Swim_Idle.blockyanim"
				}
			]
		},
		"Swim": {
			"Animations": [
				{
					"Animation": "NPC/Livestock/Camel/Animations/Swim/Swim.blockyanim"
				}
			]
		},
		"SwimBackward": {
			"Animations": [
				{
					"Animation": "NPC/Livestock/Camel/Animations/Swim/Swim_Backward.blockyanim"
				}
			]
		},
		"SwimFast": {
			"Animations": [
				{
					"Animation": "NPC/Livestock/Camel/Animations/Swim/Swim_Fast.blockyanim"
				}
			]
		},
		"SwimJump": {
			"Animations": [
				{
					"Animation": "NPC/Livestock/Camel/Animations/Swim/Swim_Jump.blockyanim",
					"BlendingDuration": 0.1,
					"Looping": false
				}
			]
		},
		"SwimFloat": {
			"Animations": [
				{
					"Animation": "NPC/Livestock/Camel/Animations/Swim/Swim_Float.blockyanim"
				}
			]
		},
		"SwimSink": {
			"Animations": [
				{
					"Animation": "NPC/Livestock/Camel/Animations/Swim/Swim_Sink.blockyanim"
				}
			]
		},
		"FluidIdle": {
			"Animations": [
				{
					"Animation": "NPC/Livestock/Camel/Animations/Default/Idle.blockyanim",
					"Speed": 0.6
				}
			]
		},
		"FluidWalk": {
			"Animations": [
				{
					"Animation": "NPC/Livestock/Camel/Animations/Default/Walk.blockyanim",
					"Speed": 0.6
				}
			]
		},
		"FluidWalkBackward": {
			"Animations": [
				{
					"Animation": "NPC/Livestock/Camel/Animations/Default/Walk_Backward.blockyanim",
					"Speed": 0.6
				}
			]
		},
		"FluidRun": {
			"Animations": [
				{
					"Animation": "NPC/Livestock/Camel/Animations/Default/Run.blockyanim",
					"Speed": 0.6
				}
			]
		},
		"SwimDive": {
			"Animations": [
				{
					"Animation": "NPC/Livestock/Camel/Animations/Swim/Swim.blockyanim"
				}
			]
		},
		"SwimDiveBackward": {
			"Animations": [
				{
					"Animation": "NPC/Livestock/Camel/Animations/Swim/Swim_Backward.blockyanim"
				}
			]
		},
		"SwimDiveFast": {
			"Animations": [
				{
					"Animation": "NPC/Livestock/Camel/Animations/Swim/Swim_Fast.blockyanim"
				}
			]
		}
	}
}