{
  "Parent": "Chicken",
	"Model": "NPC/Livestock/Chicken_Desert/Models/Model.blockymodel",
	"Texture": "NPC/Livestock/Chicken_Desert/Models/Texture.png",
	"EyeHeight": 0.85,
	"CrouchOffset": -0.2,
	"HitBox": {
		"Max": {
			"X": 0.35,
			"Y": 0.95,
			"Z": 0.35
		},
		"Min": {
			"X": -0.35,
			"Y": 0,
			"Z": -0.35
		}
	},
	"MinScale": 0.8,
	"MaxScale": 1.2,
	"RandomAttachmentSets": {},
	"Camera": {
		"Pitch": {
			"TargetNodes": [
				"Head"
			]
		},
		"Yaw": {
			"AngleRange": {
				"Max": 15,
				"Min": -15
			},
			"TargetNodes": [
				"Head"
			]
		}
	},
	"AnimationSets": {
		"Idle": {
			"Animations": [
				{
					"Animation": "NPC/Livestock/Chicken/Animations/Default/Idle.blockyanim"
				}
			]
		},
		"Walk": {
			"Animations": [
				{
					"Animation": "NPC/Livestock/Chicken/Animations/Default/Walk.blockyanim",
					"SoundEventId": "SFX_Chicken_Walk"
				}
			]
		},
		"WalkBackward": {
			"Animations": [
				{
					"Animation": "NPC/Livestock/Chicken/Animations/Default/Walk_Backward.blockyanim"
				}
			]
		},
		"Run": {
			"Animations": [
				{
					"Animation": "NPC/Livestock/Chicken/Animations/Default/Run.blockyanim",
					"SoundEventId": "SFX_Chicken_Run"
				}
			]
		},
		"RunBackward": {
			"Animations": [
				{
					"Animation": "NPC/Livestock/Chicken/Animations/Default/Run_Backward.blockyanim"
				}
			]
		},
		"Sprint": {
			"Animations": [
				{
					"Animation": "NPC/Livestock/Chicken/Animations/Default/Sprint.blockyanim",
					"Speed": 1.2
				}
			]
		},
		"Flee": {
			"Animations": [
				{
					"Animation": "NPC/Livestock/Chicken/Animations/Default/Flee.blockyanim"
				}
			]
		},
		"Crouch": {
			"Animations": [
				{
					"Animation": "NPC/Livestock/Chicken/Animations/Default/Crouch.blockyanim",
					"BlendingDuration": 0.1
				}
			]
		},
		"CrouchWalk": {
			"Animations": [
				{
					"Animation": "NPC/Livestock/Chicken/Animations/Default/Crouch_Walk.blockyanim",
					"BlendingDuration": 0.1
				}
			]
		},
		"CrouchWalkBackward": {
			"Animations": [
				{
					"Animation": "NPC/Livestock/Chicken/Animations/Default/Crouch_Walk_Backward.blockyanim",
					"BlendingDuration": 0.1
				}
			]
		},
		"StepWalk": {
			"Animations": [
				{
					"Animation": "NPC/Livestock/Chicken/Animations/Default/Step_Walk.blockyanim",
					"Looping": false,
					"BlendingDuration": 0.1
				}
			]
		},
		"StepRun": {
			"Animations": [
				{
					"Animation": "NPC/Livestock/Chicken/Animations/Default/Step_Run.blockyanim",
					"Looping": false,
					"BlendingDuration": 0.1
				}
			]
		},
		"StepSprint": {
			"Animations": [
				{
					"Animation": "NPC/Livestock/Chicken/Animations/Default/Step_Sprint.blockyanim",
					"Looping": false,
					"BlendingDuration": 0.1
				}
			]
		},
		"Jump": {
			"Animations": [
				{
					"Animation": "NPC/Livestock/Chicken/Animations/Default/Jump.blockyanim",
					"Looping": true
				}
			]
		},
		"JumpWalk": {
			"Animations": [
				{
					"Animation": "NPC/Livestock/Chicken/Animations/Default/Jump.blockyanim",
					"Looping": true
				}
			]
		},
		"JumpRun": {
			"Animations": [
				{
					"Animation": "NPC/Livestock/Chicken/Animations/Default/Jump.blockyanim",
					"Looping": true
				}
			]
		},
		"JumpSprint": {
			"Animations": [
				{
					"Animation": "NPC/Livestock/Chicken/Animations/Default/Jump.blockyanim",
					"Looping": true
				}
			]
		},
		"Fall": {
			"Animations": [
				{
					"Animation": "NPC/Livestock/Chicken/Animations/Default/Jump.blockyanim"
				}
			]
		},
		"Alerted": {
			"Animations": [
				{
					"Animation": "NPC/Livestock/Chicken/Animations/Default/Alerted.blockyanim",
					"Looping": false,
					"SoundEventId": "SFX_Chicken_Alerted"
				},
				{
					"Animation": "NPC/Livestock/Chicken/Animations/Default/Alerted2.blockyanim",
					"Looping": false,
					"SoundEventId": "SFX_Chicken_Alerted"
				}
			]
		},
		"Curious": {
			"Animations": [
				{
					"Animation": "NPC/Livestock/Chicken/Animations/Flavor/Curious.blockyanim"
				}
			]
		},
		"FlyIdle": {
			"Animations": [
				{
					"Animation": "NPC/Livestock/Chicken/Animations/Fly/Fly_Idle.blockyanim",
					"Looping": true
				}
			]
		},
		"Fly": {
			"Animations": [
				{
					"Animation": "NPC/Livestock/Chicken/Animations/Fly/Fly.blockyanim"
				}
			]
		},
		"FlyBackward": {
			"Animations": [
				{
					"Animation": "NPC/Livestock/Chicken/Animations/Fly/Fly_Backward.blockyanim"
				}
			]
		},
		"FlyFast": {
			"Animations": [
				{
					"Animation": "NPC/Livestock/Chicken/Animations/Fly/Fly_Fast.blockyanim",
					"Speed": 1.25
				}
			]
		},
		"SwimIdle": {
			"Animations": [
				{
					"Animation": "NPC/Livestock/Chicken/Animations/Swim/Swim_Idle.blockyanim",
					"Speed": 0.5
				}
			]
		},
		"Swim": {
			"Animations": [
				{
					"Animation": "NPC/Livestock/Chicken/Animations/Swim/Swim.blockyanim"
				}
			]
		},
		"SwimBackward": {
			"Animations": [
				{
					"Animation": "NPC/Livestock/Chicken/Animations/Swim/Swim_Backward.blockyanim"
				}
			]
		},
		"SwimFast": {
			"Animations": [
				{
					"Animation": "NPC/Livestock/Chicken/Animations/Swim/Swim_Fast.blockyanim"
				}
			]
		},
		"SwimJump": {
			"Animations": [
				{
					"Animation": "NPC/Livestock/Chicken/Animations/Default/Jump.blockyanim"
				}
			]
		},
		"SwimFloat": {
			"Animations": [
				{
					"Animation": "NPC/Livestock/Chicken/Animations/Swim/Swim_Float.blockyanim"
				}
			]
		},
		"SwimSink": {
			"Animations": [
				{
					"Animation": "NPC/Livestock/Chicken/Animations/Swim/Swim_Sink.blockyanim"
				}
			]
		},
		"SwimDive": {
			"Animations": [
				{
					"Animation": "NPC/Livestock/Chicken/Animations/Swim/Swim.blockyanim"
				}
			]
		},
		"SwimDiveBackward": {
			"Animations": [
				{
					"Animation": "NPC/Livestock/Chicken/Animations/Swim/Swim_Backward.blockyanim"
				}
			]
		},
		"SwimDiveFast": {
			"Animations": [
				{
					"Animation": "NPC/Livestock/Chicken/Animations/Swim/Swim_Fast.blockyanim"
				}
			]
		},
		"FluidIdle": {
			"Animations": [
				{
					"Animation": "NPC/Livestock/Chicken/Animations/Default/Idle.blockyanim",
					"Speed": 0.6
				}
			]
		},
		"FluidWalk": {
			"Animations": [
				{
					"Animation": "NPC/Livestock/Chicken/Animations/Default/Walk.blockyanim",
					"Speed": 0.6
				}
			]
		},
		"FluidWalkBackward": {
			"Animations": [
				{
					"Animation": "NPC/Livestock/Chicken/Animations/Default/Walk_Backward.blockyanim",
					"Speed": 0.6
				}
			]
		},
		"FluidRun": {
			"Animations": [
				{
					"Animation": "NPC/Livestock/Chicken/Animations/Default/Run.blockyanim",
					"Speed": 0.6
				}
			]
		},
		"Hurt": {
			"Animations": [
				{
					"Animation": "NPC/Livestock/Chicken/Animations/Damage/Hurt.blockyanim",
					"BlendingDuration": 0.1,
					"Looping": false,
					"SoundEventId": "SFX_Chicken_Hurt"
				}
			]
		},
		"Death": {
			"Animations": [
				{
					"Animation": "NPC/Livestock/Chicken/Animations/Damage/Death.blockyanim",
					"Looping": false,
					"SoundEventId": "SFX_Chicken_Death"
				}
			]
		},
		"Laydown": {
			"Animations": [
				{
					"Animation": "NPC/Livestock/Chicken/Animations/Default/Laydown.blockyanim",
					"Looping": false
				}
			]
		},
		"Sleep": {
			"Animations": [
				{
					"Animation": "NPC/Livestock/Chicken/Animations/Default/Sleep.blockyanim"
				}
			]
		},
		"Wake": {
			"Animations": [
				{
					"Animation": "NPC/Livestock/Chicken/Animations/Default/Wake.blockyanim",
					"Looping": false
				}
			]
		},
		"Spawn": {
			"Animations": [
				{
					"Animation": "NPC/Livestock/Chicken/Animations/Default/Spawn.blockyanim",
					"BlendingDuration": 0,
					"Looping": false
				}
			]
		},
		"IdlePassive": {
			"Animations": [
				{
					"Animation": "NPC/Livestock/Chicken/Animations/Flavor/Eat.blockyanim"
				},
				{
					"Animation": "NPC/Livestock/Chicken/Animations/Flavor/Eat2.blockyanim"
				},
				{
					"Animation": "NPC/Livestock/Chicken/Animations/Flavor/Look_Left.blockyanim"
				},
				{
					"Animation": "NPC/Livestock/Chicken/Animations/Flavor/Peck.blockyanim"
				}
			],
			"NextAnimationDelay": {
				"Max": 10,
				"Min": 2
			}
		},
		"Eat": {
			"Animations": [
				{
					"Animation": "NPC/Livestock/Chicken/Animations/Flavor/Eat.blockyanim"
				},
				{
					"Animation": "NPC/Livestock/Chicken/Animations/Flavor/Eat2.blockyanim"
				}
			]
		},
		"FleePAssive": {
			"Animations": [
				{
					"Animation": "NPC/Livestock/Chicken/Animations/Flavor/Flee_Flap.blockyanim"
				}
			]
		},
		"RunPassive": {
			"Animations": [
				{
					"Animation": "NPC/Livestock/Chicken/Animations/Flavor/Run_Flap.blockyanim"
				}
			],
			"NextAnimationDelay": {
				"Max": 10,
				"Min": 2
			}
		},
		"GreetAnimation": {
			"Animations": [
				{
					"Animation": "NPC/Livestock/Chicken/Animations/Default/Idle.blockyanim",
					"Looping": false,
					"Speed": 1.2
				}
			]
		}
	}
}