{
	"Model": "NPC/Livestock/Goat/Models/Model.blockymodel",
	"Texture": "NPC/Livestock/Goat/Models/Texture.png",
	"EyeHeight": 1.275,
	"CrouchOffset": -0.3,
	"HitBox": {
		"Max": {
			"X": 0.4,
			"Y": 1.5,
			"Z": 0.4
		},
		"Min": {
			"X": -0.4,
			"Y": 0,
			"Z": -0.4
		}
	},
	"MinScale": 1.1,
	"MaxScale": 1.2,
	"AnimationSets": {
		"Idle": {
			"Animations": [
				{
					"Animation": "NPC/Livestock/Goat/Animations/Default/Idle.blockyanim"
				}
			]
		},
		"Walk": {
			"Animations": [
				{
					"Animation": "NPC/Livestock/Goat/Animations/Default/Walk.blockyanim",
					"SoundEventId": "SFX_Goat_Walk"
				}
			]
		},
		"WalkBackward": {
			"Animations": [
				{
					"Animation": "NPC/Livestock/Goat/Animations/Default/Walk_Backward.blockyanim"
				}
			]
		},
		"Run": {
			"Animations": [
				{
					"Animation": "NPC/Livestock/Goat/Animations/Default/Run.blockyanim",
					"SoundEventId": "SFX_Goat_Run"
				}
			]
		},
		"Crouch": {
			"Animations": [
				{
					"Animation": "NPC/Livestock/Goat/Animations/Default/Crouch.blockyanim",
					"BlendingDuration": 0.1
				}
			]
		},
		"CrouchWalk": {
			"Animations": [
				{
					"Animation": "NPC/Livestock/Goat/Animations/Default/Crouch_Walk.blockyanim",
					"BlendingDuration": 0.1
				}
			]
		},
		"CrouchWalkBackward": {
			"Animations": [
				{
					"Animation": "NPC/Livestock/Goat/Animations/Default/Crouch_Walk_Backward.blockyanim",
					"BlendingDuration": 0.1
				}
			]
		},
		"Jump": {
			"Animations": [
				{
					"Animation": "NPC/Livestock/Goat/Animations/Default/Jump.blockyanim",
					"Looping": false,
					"BlendingDuration": 0.1
				}
			]
		},
		"JumpFar": {
			"Animations": [
				{
					"Animation": "NPC/Livestock/Goat/Animations/Default/Jump_Far.blockyanim",
					"BlendingDuration": 0.1,
					"Looping": false
				}
			]
		},
		"Fall": {
			"Animations": [
				{
					"Animation": "NPC/Livestock/Goat/Animations/Default/Fall.blockyanim",
					"BlendingDuration": 0.4,
					"Looping": true
				}
			]
		},
		"Alerted": {
			"Animations": [
				{
					"Animation": "NPC/Livestock/Goat/Animations/Default/Alerted.blockyanim",
					"Looping": false
				}
			]
		},
		"Hurt": {
			"Animations": [
				{
					"Animation": "NPC/Livestock/Goat/Animations/Damage/Hurt.blockyanim",
					"BlendingDuration": 0.1,
					"Looping": false
				},
				{
					"Looping": false,
					"Animation": "NPC/Livestock/Goat/Animations/Damage/Hurt2.blockyanim",
					"BlendingDuration": 0.1
				}
			]
		},
		"Death": {
			"Animations": [
				{
					"Animation": "NPC/Livestock/Goat/Animations/Damage/Death.blockyanim",
					"Looping": false
				}
			]
		},
		"Spawn": {
			"Animations": [
				{
					"Animation": "NPC/Livestock/Goat/Animations/Default/Spawn.blockyanim",
					"BlendingDuration": 0,
					"Looping": false
				}
			]
		},
		"Laydown": {
			"Animations": [
				{
					"Animation": "NPC/Livestock/Goat/Animations/Default/Laydown.blockyanim",
					"Looping": false
				}
			]
		},
		"Sleep": {
			"Animations": [
				{
					"Animation": "NPC/Livestock/Goat/Animations/Default/Sleep.blockyanim"
				}
			]
		},
		"Wake": {
			"Animations": [
				{
					"Animation": "NPC/Livestock/Goat/Animations/Default/Wake.blockyanim",
					"Looping": false
				}
			]
		},
		"FlyIdle": {
			"Animations": [
				{
					"Animation": "NPC/Livestock/Goat/Animations/Fly/Fly_Idle.blockyanim"
				}
			]
		},
		"Fly": {
			"Animations": [
				{
					"Animation": "NPC/Livestock/Goat/Animations/Fly/Fly.blockyanim"
				}
			]
		},
		"FlyBackward": {
			"Animations": [
				{
					"Animation": "NPC/Livestock/Goat/Animations/Fly/Fly_Backward.blockyanim"
				}
			]
		},
		"FlyFast": {
			"Animations": [
				{
					"Animation": "NPC/Livestock/Goat/Animations/Fly/Fly_Fast.blockyanim"
				}
			]
		},
		"SwimIdle": {
			"Animations": [
				{
					"Animation": "NPC/Livestock/Goat/Animations/Swim/Swim_Idle.blockyanim"
				}
			]
		},
		"Swim": {
			"Animations": [
				{
					"Animation": "NPC/Livestock/Goat/Animations/Swim/Swim.blockyanim"
				}
			]
		},
		"SwimBackward": {
			"Animations": [
				{
					"Animation": "NPC/Livestock/Goat/Animations/Swim/Swim_Backward.blockyanim"
				}
			]
		},
		"SwimFast": {
			"Animations": [
				{
					"Animation": "NPC/Livestock/Goat/Animations/Swim/Swim_Fast.blockyanim"
				}
			]
		},
		"SwimFloat": {
			"Animations": [
				{
					"Animation": "NPC/Livestock/Goat/Animations/Swim/Swim_Float.blockyanim"
				}
			]
		},
		"SwimSink": {
			"Animations": [
				{
					"Animation": "NPC/Livestock/Goat/Animations/Swim/Swim_Sink.blockyanim"
				}
			]
		},
		"SwimJump": {
			"Animations": [
				{
					"Animation": "NPC/Livestock/Goat/Animations/Swim/Swim_Jump.blockyanim",
					"BlendingDuration": 0.1,
					"Looping": false
				}
			]
		},
		"SwimDive": {
			"Animations": [
				{
					"Animation": "NPC/Livestock/Goat/Animations/Swim/Swim.blockyanim"
				}
			]
		},
		"SwimDiveFast": {
			"Animations": [
				{
					"Animation": "NPC/Livestock/Goat/Animations/Swim/Swim_Fast.blockyanim"
				}
			]
		},
		"SwimDiveBackward": {
			"Animations": [
				{
					"Animation": "NPC/Livestock/Goat/Animations/Swim/Swim_Backward.blockyanim"
				}
			]
		},
		"FluidIdle": {
			"Animations": [
				{
					"Animation": "NPC/Livestock/Goat/Animations/Default/Idle.blockyanim",
					"Speed": 0.6
				}
			]
		},
		"FluidWalk": {
			"Animations": [
				{
					"Animation": "NPC/Livestock/Goat/Animations/Default/Walk.blockyanim",
					"Speed": 0.6
				}
			]
		},
		"FluidWalkBackward": {
			"Animations": [
				{
					"Animation": "NPC/Livestock/Goat/Animations/Default/Walk_Backward.blockyanim",
					"Speed": 0.6
				}
			]
		},
		"FluidRun": {
			"Animations": [
				{
					"Animation": "NPC/Livestock/Goat/Animations/Default/Run.blockyanim",
					"Speed": 0.6
				}
			]
		},
		"Eat": {
			"Animations": [
				{
					"Animation": "NPC/Livestock/Goat/Animations/Default/Idle.blockyanim",
					"Speed": 0.6
				}
			]
		},
		"Curious": {
			"Animations": [
				{
					"Animation": "NPC/Livestock/Goat/Animations/Default/Idle.blockyanim",
					"Speed": 0.8
				}
			]
		},
		"GreetAnimation": {
			"Animations": [
				{
					"Animation": "NPC/Livestock/Goat/Animations/Default/Idle.blockyanim",
					"Looping": false,
					"Speed": 1.0
				}
			]
		}
	},
	"RandomAttachmentSets": {
		"Eyes": {
			"0": {
				"Model": "NPC/Livestock/Goat/Models/Model.blockymodel",
				"Texture": "NPC/Livestock/Goat/Models/Attachments/Empty.png",
				"Weight": 4
			},
			"1": {
				"Model": "NPC/Livestock/Goat/Models/Model.blockymodel",
				"Texture": "NPC/Livestock/Goat/Models/Attachments/Eyes_1.png",
				"Weight": 5
			},
			"2": {
				"Model": "NPC/Livestock/Goat/Models/Model.blockymodel",
				"Texture": "NPC/Livestock/Goat/Models/Attachments/Eyes_2.png",
				"Weight": 5
			},
			"3": {
				"Model": "NPC/Livestock/Goat/Models/Model.blockymodel",
				"Texture": "NPC/Livestock/Goat/Models/Attachments/Eyes_3.png",
				"Weight": 5
			},
			"4": {
				"Model": "NPC/Livestock/Goat/Models/Model.blockymodel",
				"Texture": "NPC/Livestock/Goat/Models/Attachments/Eyes_4.png",
				"Weight": 5
			},
			"5": {
				"Model": "NPC/Livestock/Goat/Models/Model.blockymodel",
				"Texture": "NPC/Livestock/Goat/Models/Attachments/Eyes_5.png",
				"Weight": 5
			},
			"6": {
				"Model": "NPC/Livestock/Goat/Models/Model.blockymodel",
				"Texture": "NPC/Livestock/Goat/Models/Attachments/Eyes_6.png",
				"Weight": 5
			},
			"7": {
				"Model": "NPC/Livestock/Goat/Models/Model.blockymodel",
				"Texture": "NPC/Livestock/Goat/Models/Attachments/Eyes_7.png",
				"Weight": 5
			},
			"8": {
				"Model": "NPC/Livestock/Goat/Models/Model.blockymodel",
				"Texture": "NPC/Livestock/Goat/Models/Attachments/Eyes_8.png",
				"Weight": 5
			},
			"9": {
				"Model": "NPC/Livestock/Goat/Models/Model.blockymodel",
				"Texture": "NPC/Livestock/Goat/Models/Attachments/Eyes_9.png",
				"Weight": 5
			},
			"10": {
				"Model": "NPC/Livestock/Goat/Models/Model.blockymodel",
				"Texture": "NPC/Livestock/Goat/Models/Attachments/Eyes_10.png",
				"Weight": 5
			},
			"11": {
				"Model": "NPC/Livestock/Goat/Models/Model.blockymodel",
				"Texture": "NPC/Livestock/Goat/Models/Attachments/Eyes_11.png",
				"Weight": 5
			},
			"12": {
				"Model": "NPC/Livestock/Goat/Models/Model.blockymodel",
				"Texture": "NPC/Livestock/Goat/Models/Attachments/Eyes_12.png"
			}
		},
		"Horns": {
			"0": {
				"Model": "NPC/Livestock/Goat/Models/Model.blockymodel",
				"Texture": "NPC/Livestock/Goat/Models/Attachments/Empty.png"
			},
			"1": {
				"Model": "NPC/Livestock/Goat/Models/Model.blockymodel",
				"Texture": "NPC/Livestock/Goat/Models/Attachments/Horn_1.png",
				"Weight": 5
			},
			"2": {
				"Model": "NPC/Livestock/Goat/Models/Model.blockymodel",
				"Texture": "NPC/Livestock/Goat/Models/Attachments/Horn_2.png",
				"Weight": 5
			},
			"3": {
				"Model": "NPC/Livestock/Goat/Models/Model.blockymodel",
				"Texture": "NPC/Livestock/Goat/Models/Attachments/Horn_3.png",
				"Weight": 5
			},
			"4": {
				"Model": "NPC/Livestock/Goat/Models/Model.blockymodel",
				"Texture": "NPC/Livestock/Goat/Models/Attachments/Horn_4.png",
				"Weight": 5
			},
			"5": {
				"Model": "NPC/Livestock/Goat/Models/Model.blockymodel",
				"Texture": "NPC/Livestock/Goat/Models/Attachments/Horn_5.png",
				"Weight": 5
			},
			"6": {
				"Model": "NPC/Livestock/Goat/Models/Model.blockymodel",
				"Texture": "NPC/Livestock/Goat/Models/Attachments/Horn_6.png",
				"Weight": 5
			},
			"7": {
				"Model": "NPC/Livestock/Goat/Models/Model.blockymodel",
				"Texture": "NPC/Livestock/Goat/Models/Attachments/Horn_7.png",
				"Weight": 5
			},
			"8": {
				"Model": "NPC/Livestock/Goat/Models/Model.blockymodel",
				"Texture": "NPC/Livestock/Goat/Models/Attachments/Horn_8.png",
				"Weight": 5
			},
			"9": {
				"Model": "NPC/Livestock/Goat/Models/Model.blockymodel",
				"Texture": "NPC/Livestock/Goat/Models/Attachments/Horn_9.png",
				"Weight": 5
			}
		},
		"BaseColor": {
			"0": {
				"Model": "NPC/Livestock/Goat/Models/Model.blockymodel",
				"Texture": "NPC/Livestock/Goat/Models/Attachments/Empty.png",
				"Weight": 3
			},
			"1": {
				"Model": "NPC/Livestock/Goat/Models/Model.blockymodel",
				"Texture": "NPC/Livestock/Goat/Models/Attachments/Base_1.png"
			},
			"2": {
				"Model": "NPC/Livestock/Goat/Models/Model.blockymodel",
				"Texture": "NPC/Livestock/Goat/Models/Attachments/Base_2.png"
			},
			"3": {
				"Model": "NPC/Livestock/Goat/Models/Model.blockymodel",
				"Texture": "NPC/Livestock/Goat/Models/Attachments/Base_3.png"
			},
			"4": {
				"Model": "NPC/Livestock/Goat/Models/Model.blockymodel",
				"Texture": "NPC/Livestock/Goat/Models/Attachments/Base_4.png"
			},
			"5": {
				"Model": "NPC/Livestock/Goat/Models/Model.blockymodel",
				"Texture": "NPC/Livestock/Goat/Models/Attachments/Base_5.png"
			},
			"6": {
				"Model": "NPC/Livestock/Goat/Models/Model.blockymodel",
				"Texture": "NPC/Livestock/Goat/Models/Attachments/Base_6.png"
			}
		}
	}
}