{
  "Model": "NPC/Livestock/Mouflon/Models/Model.blockymodel",
  "Texture": "NPC/Livestock/Mouflon/Models/Texture.png",
  "EyeHeight": 1.3,
  "HitBox": {
    "Max": {
      "X": 0.45,
      "Y": 1.8,
      "Z": 0.45
    },
    "Min": {
      "X": -0.45,
      "Y": 0,
      "Z": -0.45
    }
  },
  "$Comment": " ",
  "Camera": {
    "Pitch": {
      "TargetNodes": [
        "Head"
      ],
      "AngleRange": {
        "Min": -15,
        "Max": 30
      }
    },
    "Yaw": {
      "TargetNodes": [
        "Head"
      ],
      "AngleRange": {
        "Min": -30,
        "Max": 30
      }
    }
  },
	"RandomAttachmentSets": {
		"Hooves": {
			"0": {
				"Model": "NPC/Livestock/Mouflon/Models/Model.blockymodel",
				"Texture": "NPC/Livestock/Mouflon/Models/Attachments/Empty.png",
				"Weight": 5
			},
			"1": {
				"Model": "NPC/Livestock/Mouflon/Models/Model.blockymodel",
				"Texture": "NPC/Livestock/Mouflon/Models/Attachments/Hooves_1.png",
				"Weight": 5
			},
			"2": {
				"Model": "NPC/Livestock/Mouflon/Models/Model.blockymodel",
				"Texture": "NPC/Livestock/Mouflon/Models/Attachments/Hooves_2.png",
				"Weight": 5
			}
		},
		"Fur": {
			"0": {
				"Model": "NPC/Livestock/Mouflon/Models/Model.blockymodel",
				"Texture": "NPC/Livestock/Mouflon/Models/Attachments/Empty.png"
			},
			"1": {
				"Model": "NPC/Livestock/Mouflon/Models/Model.blockymodel",
				"Texture": "NPC/Livestock/Mouflon/Models/Attachments/Fur_1.png",
				"Weight": 1
			},
			"2": {
				"Model": "NPC/Livestock/Mouflon/Models/Model.blockymodel",
				"Texture": "NPC/Livestock/Mouflon/Models/Attachments/Fur_2.png",
				"Weight": 1
			},
			"3": {
				"Model": "NPC/Livestock/Mouflon/Models/Model.blockymodel",
				"Texture": "NPC/Livestock/Mouflon/Models/Attachments/Fur_3.png",
				"Weight": 1
			},
			"4": {
				"Model": "NPC/Livestock/Mouflon/Models/Model.blockymodel",
				"Texture": "NPC/Livestock/Mouflon/Models/Attachments/Fur_4.png",
				"Weight": 1
			},
			"5": {
				"Model": "NPC/Livestock/Mouflon/Models/Model.blockymodel",
				"Texture": "NPC/Livestock/Mouflon/Models/Attachments/Fur_5.png",
				"Weight": 1
			}
		},
		"BaseColor": {
			"0": {
				"Model": "NPC/Livestock/Mouflon/Models/Model.blockymodel",
				"Texture": "NPC/Livestock/Mouflon/Models/Attachments/Empty.png",
				"Weight": 3
			},
			"1": {
				"Model": "NPC/Livestock/Mouflon/Models/Model.blockymodel",
				"Texture": "NPC/Livestock/Mouflon/Models/Attachments/Base_1.png"
			},
			"2": {
				"Model": "NPC/Livestock/Mouflon/Models/Model.blockymodel",
				"Texture": "NPC/Livestock/Mouflon/Models/Attachments/Base_2.png"
			},
			"3": {
				"Model": "NPC/Livestock/Mouflon/Models/Model.blockymodel",
				"Texture": "NPC/Livestock/Mouflon/Models/Attachments/Base_3.png"
			},
			"4": {
				"Model": "NPC/Livestock/Mouflon/Models/Model.blockymodel",
				"Texture": "NPC/Livestock/Mouflon/Models/Attachments/Base_4.png"
			},
			"5": {
				"Model": "NPC/Livestock/Mouflon/Models/Model.blockymodel",
				"Texture": "NPC/Livestock/Mouflon/Models/Attachments/Base_5.png"
			},
			"6": {
				"Model": "NPC/Livestock/Mouflon/Models/Model.blockymodel",
				"Texture": "NPC/Livestock/Mouflon/Models/Attachments/Base_6.png"
			},
			"7": {
				"Model": "NPC/Livestock/Mouflon/Models/Model.blockymodel",
				"Texture": "NPC/Livestock/Mouflon/Models/Attachments/Base_7.png"
			}
		}
	},
  "AnimationSets": {
    "Idle": {
      "Animations": [
        {
          "Animation": "NPC/Livestock/Mouflon/Animations/Default/Idle.blockyanim"
        }
      ]
    },
    "Walk": {
      "Animations": [
        {
          "Animation": "NPC/Livestock/Mouflon/Animations/Default/Walk.blockyanim"
        }
      ]
    },
    "WalkBackward": {
      "Animations": [
        {
          "Animation": "NPC/Livestock/Mouflon/Animations/Default/Walk_Backward.blockyanim"
        }
      ]
    },
    "Run": {
      "Animations": [
        {
          "Animation": "NPC/Livestock/Mouflon/Animations/Default/Run.blockyanim"
        }
      ]
    },
    "Crouch": {
      "Animations": [
        {
          "Animation": "NPC/Livestock/Mouflon/Animations/Default/Crouch.blockyanim",
          "BlendingDuration": 0.1
        }
      ]
    },
    "CrouchWalk": {
      "Animations": [
        {
          "Animation": "NPC/Livestock/Mouflon/Animations/Default/Crouch_Walk.blockyanim",
          "BlendingDuration": 0.1
        }
      ]
    },
    "CrouchWalkBackward": {
      "Animations": [
        {
          "Animation": "NPC/Livestock/Mouflon/Animations/Default/Crouch_Walk_Backward.blockyanim",
          "BlendingDuration": 0.1
        }
      ]
    },
    "Jump": {
      "Animations": [
        {
          "Animation": "NPC/Livestock/Mouflon/Animations/Default/Jump.blockyanim",
          "Looping": false,
          "BlendingDuration": 0.1,
          "Speed": 0.8
        }
      ]
    },
    "JumpWalk": {
      "Animations": [
        {
          "Animation": "NPC/Livestock/Mouflon/Animations/Default/Jump.blockyanim",
          "Looping": false,
          "BlendingDuration": 0.1,
          "Speed": 0.8
        }
      ]
    },
    "JumpRun": {
      "Animations": [
        {
          "Animation": "NPC/Livestock/Mouflon/Animations/Default/Jump_Far.blockyanim",
          "BlendingDuration": 0.1,
          "Looping": false,
          "Speed": 0.8
        }
      ]
    },
    "Fall": {
      "Animations": [
        {
          "Animation": "NPC/Livestock/Mouflon/Animations/Default/Fall.blockyanim",
          "BlendingDuration": 0.4,
          "Looping": true
        }
      ]
    },
    "Alerted": {
      "Animations": [
        {
          "Animation": "NPC/Livestock/Mouflon/Animations/Default/Alerted.blockyanim",
          "Looping": false
        }
      ]
    },
    "Hurt": {
      "Animations": [
        {
          "Animation": "NPC/Livestock/Mouflon/Animations/Damage/Hurt.blockyanim",
          "BlendingDuration": 0.1,
          "Looping": false
        },
        {
          "Looping": false,
          "Animation": "NPC/Livestock/Mouflon/Animations/Damage/Hurt2.blockyanim",
          "BlendingDuration": 0.1
        }
      ]
    },
    "Death": {
      "Animations": [
        {
          "Animation": "NPC/Livestock/Mouflon/Animations/Damage/Death.blockyanim",
          "Looping": false
        }
      ]
    },
    "Spawn": {
      "Animations": [
        {
          "Animation": "NPC/Livestock/Mouflon/Animations/Default/Spawn.blockyanim",
          "BlendingDuration": 0,
          "Looping": false
        }
      ]
    },
    "Laydown": {
      "Animations": [
        {
          "Animation": "NPC/Livestock/Mouflon/Animations/Default/Laydown.blockyanim",
          "Looping": false
        }
      ]
    },
    "Sleep": {
      "Animations": [
        {
          "Animation": "NPC/Livestock/Mouflon/Animations/Default/Sleep.blockyanim"
        }
      ]
    },
    "Wake": {
      "Animations": [
        {
          "Animation": "NPC/Livestock/Mouflon/Animations/Default/Wake.blockyanim",
          "Looping": false
        }
      ]
    },
    "FlyIdle": {
      "Animations": [
        {
          "Animation": "NPC/Livestock/Mouflon/Animations/Fly/Fly_Idle.blockyanim"
        }
      ]
    },
    "Fly": {
      "Animations": [
        {
          "Animation": "NPC/Livestock/Mouflon/Animations/Fly/Fly.blockyanim"
        }
      ]
    },
    "FlyBackward": {
      "Animations": [
        {
          "Animation": "NPC/Livestock/Mouflon/Animations/Fly/Fly_Backward.blockyanim"
        }
      ]
    },
    "FlyFast": {
      "Animations": [
        {
          "Animation": "NPC/Livestock/Mouflon/Animations/Fly/Fly_Fast.blockyanim"
        }
      ]
    },
    "SwimIdle": {
      "Animations": [
        {
          "Animation": "NPC/Livestock/Mouflon/Animations/Swim/Swim_Idle.blockyanim"
        }
      ]
    },
    "Swim": {
      "Animations": [
        {
          "Animation": "NPC/Livestock/Mouflon/Animations/Swim/Swim.blockyanim"
        }
      ]
    },
    "SwimBackward": {
      "Animations": [
        {
          "Animation": "NPC/Livestock/Mouflon/Animations/Swim/Swim_Backward.blockyanim"
        }
      ]
    },
    "SwimFast": {
      "Animations": [
        {
          "Animation": "NPC/Livestock/Mouflon/Animations/Swim/Swim_Fast.blockyanim"
        }
      ]
    },
    "SwimFloat": {
      "Animations": [
        {
          "Animation": "NPC/Livestock/Mouflon/Animations/Swim/Swim_Float.blockyanim"
        }
      ]
    },
    "SwimSink": {
      "Animations": [
        {
          "Animation": "NPC/Livestock/Mouflon/Animations/Swim/Swim_Sink.blockyanim"
        }
      ]
    },
    "SwimJump": {
      "Animations": [
        {
          "Animation": "NPC/Livestock/Mouflon/Animations/Swim/Swim_Jump.blockyanim",
          "BlendingDuration": 0.1,
          "Looping": false
        }
      ]
    },
    "SwimDive": {
      "Animations": [
        {
          "Animation": "NPC/Livestock/Mouflon/Animations/Swim/Swim.blockyanim"
        }
      ]
    },
    "SwimDiveFast": {
      "Animations": [
        {
          "Animation": "NPC/Livestock/Mouflon/Animations/Swim/Swim_Fast.blockyanim"
        }
      ]
    },
    "SwimDiveBackward": {
      "Animations": [
        {
          "Animation": "NPC/Livestock/Mouflon/Animations/Swim/Swim_Backward.blockyanim"
        }
      ]
    },
    "FluidIdle": {
      "Animations": [
        {
          "Animation": "NPC/Livestock/Mouflon/Animations/Default/Idle.blockyanim",
          "Speed": 0.6
        }
      ]
    },
    "FluidWalk": {
      "Animations": [
        {
          "Animation": "NPC/Livestock/Mouflon/Animations/Default/Walk.blockyanim",
          "Speed": 0.6
        }
      ]
    },
    "FluidWalkBackward": {
      "Animations": [
        {
          "Animation": "NPC/Livestock/Mouflon/Animations/Default/Walk_Backward.blockyanim",
          "Speed": 0.6
        }
      ]
    },
    "FluidRun": {
      "Animations": [
        {
          "Animation": "NPC/Livestock/Mouflon/Animations/Default/Run.blockyanim",
          "Speed": 0.6
        }
      ]
    },
    "HurtFly": {
      "Animations": [
        {
          "Animation": "NPC/Livestock/Mouflon/Animations/Damage/Hurt_Fly.blockyanim",
          "BlendingDuration": 0.1,
          "Looping": false
        }
      ]
    },
    "DeathFly": {
      "Animations": [
        {
          "Animation": "NPC/Livestock/Mouflon/Animations/Damage/Death_Fly.blockyanim",
          "BlendingDuration": 0.6
        }
      ]
    },
    "DeathFlyImpact": {
      "Animations": [
        {
          "Animation": "NPC/Livestock/Mouflon/Animations/Damage/Death_Fly_Impact.blockyanim",
          "BlendingDuration": 0.05,
          "Looping": false
        }
      ]
    },
    "HurtSwim": {
      "Animations": [
        {
          "Looping": false,
          "BlendingDuration": 0.1,
          "Animation": "NPC/Livestock/Mouflon/Animations/Damage/Hurt_Swim.blockyanim"
        }
      ]
    },
    "DeathSwim": {
      "Animations": [
        {
          "Animation": "NPC/Livestock/Mouflon/Animations/Damage/Death_Swim.blockyanim",
          "Looping": false
        }
      ]
    },
    "HurtDrown": {
      "Animations": [
        {
          "Animation": "NPC/Livestock/Mouflon/Animations/Damage/Hurt_Drown.blockyanim",
          "Looping": false
        }
      ]
    },
    "DeathDrown": {
      "Animations": [
        {
          "Animation": "NPC/Flying_Beast/Archaeopteryx/Animations/Damage/Death_Drown.blockyanim",
          "Looping": false
        }
      ]
    },
    "Eat": {
      "Animations": [
        {
          "Animation": "NPC/Livestock/Mouflon/Animations/Default/Idle.blockyanim",
          "Speed": 0.6
        }
      ]
    },
    "Curious": {
      "Animations": [
        {
          "Animation": "NPC/Livestock/Mouflon/Animations/Default/Idle.blockyanim",
          "Speed": 0.8
        }
      ]
    },
    "GreetAnimation": {
      "Animations": [
        {
          "Animation": "NPC/Livestock/Mouflon/Animations/Default/Idle.blockyanim",
          "Looping": false,
          "Speed": 1.0
        }
      ]
    }
  },
  "CrouchOffset": -0.2
}
