{
	"Model": "NPC/Livestock/Pig/Models/Model.blockymodel",
	"Texture": "NPC/Livestock/Pig/Models/Texture_Pink.png",
	"EyeHeight": 0.5,
	"CrouchOffset": -0.2,
	"HitBox": {
		"Max": {
			"X": 0.4,
			"Y": 0.8,
			"Z": 0.4
		},
		"Min": {
			"X": -0.4,
			"Y": 0,
			"Z": -0.4
		}
	},
	"RandomAttachmentSets": {
		"Eyes": {
			"0": {
				"Model": "NPC/Livestock/Pig/Models/Model.blockymodel",
				"Texture": "NPC/Livestock/Pig/Models/Attachments/Empty.png",
				"Weight": 1
			},
			"1": {
				"Model": "NPC/Livestock/Pig/Models/Model.blockymodel",
				"Texture": "NPC/Livestock/Pig/Models/Attachments/Eyes_1.png",
				"Weight": 5
			},
			"2": {
				"Model": "NPC/Livestock/Pig/Models/Model.blockymodel",
				"Texture": "NPC/Livestock/Pig/Models/Attachments/Eyes_2.png",
				"Weight": 5
			},
			"3": {
				"Model": "NPC/Livestock/Pig/Models/Model.blockymodel",
				"Texture": "NPC/Livestock/Pig/Models/Attachments/Eyes_3.png",
				"Weight": 5
			},
			"4": {
				"Model": "NPC/Livestock/Pig/Models/Model.blockymodel",
				"Texture": "NPC/Livestock/Pig/Models/Attachments/Eyes_4.png",
				"Weight": 5
			}
		},
		"BaseColor": {
			"0": {
				"Model": "NPC/Livestock/Pig/Models/Model.blockymodel",
				"Texture": "NPC/Livestock/Pig/Models/Attachments/Empty.png",
				"Weight": 3
			},
			"1": {
				"Model": "NPC/Livestock/Pig/Models/Model.blockymodel",
				"Texture": "NPC/Livestock/Pig/Models/Attachments/Base_1.png"
			},
			"2": {
				"Model": "NPC/Livestock/Pig/Models/Model.blockymodel",
				"Texture": "NPC/Livestock/Pig/Models/Attachments/Base_2.png"
			},
			"3": {
				"Model": "NPC/Livestock/Pig/Models/Model.blockymodel",
				"Texture": "NPC/Livestock/Pig/Models/Attachments/Base_3.png"
			},
			"4": {
				"Model": "NPC/Livestock/Pig/Models/Model.blockymodel",
				"Texture": "NPC/Livestock/Pig/Models/Attachments/Base_4.png"
			},
			"5": {
				"Model": "NPC/Livestock/Pig/Models/Model.blockymodel",
				"Texture": "NPC/Livestock/Pig/Models/Attachments/Base_5.png"
			},
			"6": {
				"Model": "NPC/Livestock/Pig/Models/Model.blockymodel",
				"Texture": "NPC/Livestock/Pig/Models/Attachments/Base_6.png"
			},
			"7": {
				"Model": "NPC/Livestock/Pig/Models/Model.blockymodel",
				"Texture": "NPC/Livestock/Pig/Models/Attachments/Base_7.png"
			},
			"8": {
				"Model": "NPC/Livestock/Pig/Models/Model.blockymodel",
				"Texture": "NPC/Livestock/Pig/Models/Attachments/Base_8.png"
			},
			"9": {
				"Model": "NPC/Livestock/Pig/Models/Model.blockymodel",
				"Texture": "NPC/Livestock/Pig/Models/Attachments/Base_9.png"
			},
			"10": {
				"Model": "NPC/Livestock/Pig/Models/Model.blockymodel",
				"Texture": "NPC/Livestock/Pig/Models/Attachments/Base_10.png"
			},
			"11": {
				"Model": "NPC/Livestock/Pig/Models/Model.blockymodel",
				"Texture": "NPC/Livestock/Pig/Models/Attachments/Base_11.png"
			},
			"12": {
				"Model": "NPC/Livestock/Pig/Models/Model.blockymodel",
				"Texture": "NPC/Livestock/Pig/Models/Attachments/Base_12.png"
			}
		}
	},
	"AnimationSets": {
		"Idle": {
			"Animations": [
				{
					"Animation": "NPC/Livestock/Pig/Animations/Default/Idle.blockyanim"
				}
			]
		},
		"Walk": {
			"Animations": [
				{
					"Animation": "NPC/Livestock/Pig/Animations/Default/Walk.blockyanim",
					"Speed": 1.2,
					"SoundEventId": "SFX_Pig_Walk"
				}
			]
		},
		"WalkBackward": {
			"Animations": [
				{
					"Animation": "NPC/Livestock/Pig/Animations/Default/Walk_Backward.blockyanim",
					"Speed": 1.2
				}
			]
		},
		"Run": {
			"Animations": [
				{
					"Animation": "NPC/Livestock/Pig/Animations/Default/Run.blockyanim",
					"SoundEventId": "SFX_Pig_Run",
					"Speed": 1.2
				}
			]
		},
		"RunBackward": {
			"Animations": [
				{
					"Animation": "NPC/Livestock/Pig/Animations/Default/Run_Backward.blockyanim",
					"Speed": 1.2
				}
			]
		},
		"Sprint": {
			"Animations": [
				{
					"Animation": "NPC/Livestock/Pig/Animations/Default/Sprint.blockyanim"
				}
			]
		},
		"StepWalk": {
			"Animations": [
				{
					"Animation": "NPC/Livestock/Pig/Animations/Default/Step_Walk.blockyanim",
					"Speed": 1.4,
					"BlendingDuration": 0.1,
					"Looping": false
				}
			]
		},
		"StepRun": {
			"Animations": [
				{
					"Animation": "NPC/Livestock/Pig/Animations/Default/Step_Run.blockyanim",
					"Speed": 1.2,
					"BlendingDuration": 0.1,
					"Looping": false
				}
			]
		},
		"StepSprint": {
			"Animations": [
				{
					"Animation": "NPC/Livestock/Pig/Animations/Default/Step_Sprint.blockyanim",
					"BlendingDuration": 0.1,
					"Looping": false
				}
			]
		},
		"Crouch": {
			"Animations": [
				{
					"Animation": "NPC/Livestock/Pig/Animations/Default/Crouch.blockyanim",
					"BlendingDuration": 0.1
				}
			]
		},
		"CrouchWalk": {
			"Animations": [
				{
					"Animation": "NPC/Livestock/Pig/Animations/Default/Crouch_Walk.blockyanim",
					"BlendingDuration": 0.1,
					"Speed": 1.5
				}
			]
		},
		"CrouchWalkBackward": {
			"Animations": [
				{
					"Animation": "NPC/Livestock/Pig/Animations/Default/Crouch_Walk_Backward.blockyanim",
					"BlendingDuration": 0.1,
					"Speed": 1.5
				}
			]
		},
		"Jump": {
			"Animations": [
				{
					"Animation": "NPC/Livestock/Pig/Animations/Default/Jump.blockyanim",
					"BlendingDuration": 0.1,
					"Looping": false,
					"Speed": 0.8
				}
			]
		},
		"JumpWalk": {
			"Animations": [
				{
					"Animation": "NPC/Livestock/Pig/Animations/Default/Jump.blockyanim",
					"BlendingDuration": 0.1,
					"Looping": false,
					"Speed": 0.8
				}
			]
		},
		"JumpRun": {
			"Animations": [
				{
					"Animation": "NPC/Livestock/Pig/Animations/Default/Jump_Run.blockyanim",
					"BlendingDuration": 0.1,
					"Looping": false,
					"Speed": 0.8
				}
			]
		},
		"JumpSprint": {
			"Animations": [
				{
					"Animation": "NPC/Livestock/Pig/Animations/Default/Jump_Run.blockyanim",
					"BlendingDuration": 0.1,
					"Looping": false,
					"Speed": 0.8
				}
			]
		},
		"Fall": {
			"Animations": [
				{
					"Animation": "NPC/Livestock/Pig/Animations/Default/Fall.blockyanim",
					"BlendingDuration": 0.4,
					"Looping": true
				}
			]
		},
		"Alerted": {
			"Animations": [
				{
					"Animation": "NPC/Livestock/Pig/Animations/Default/Alerted.blockyanim",
					"Looping": false,
					"SoundEventId": "SFX_Pig_Alerted"
				}
			]
		},
		"Curious": {
			"Animations": [
				{
					"Animation": "NPC/Livestock/Pig/Animations/Flavor/Curious.blockyanim"
				}
			]
		},
		"Hurt": {
			"Animations": [
				{
					"Animation": "NPC/Livestock/Pig/Animations/Damage/Hurt.blockyanim",
					"BlendingDuration": 0.1,
					"Looping": false,
					"SoundEventId": "SFX_Pig_Hurt"
				},
				{
					"Animation": "NPC/Livestock/Pig/Animations/Damage/Hurt2.blockyanim",
					"BlendingDuration": 0.1,
					"Looping": false,
					"SoundEventId": "SFX_Pig_Hurt"
				}
			]
		},
		"Death": {
			"Animations": [
				{
					"Animation": "NPC/Livestock/Pig/Animations/Damage/Death.blockyanim",
					"Looping": false,
					"SoundEventId": "SFX_Pig_Death"
				}
			]
		},
		"Laydown": {
			"Animations": [
				{
					"Animation": "NPC/Livestock/Pig/Animations/Default/Laydown.blockyanim",
					"Looping": false
				}
			]
		},
		"Sleep": {
			"Animations": [
				{
					"Animation": "NPC/Livestock/Pig/Animations/Default/Sleep.blockyanim"
				}
			]
		},
		"Wake": {
			"Animations": [
				{
					"Animation": "NPC/Livestock/Pig/Animations/Default/Wake.blockyanim",
					"Looping": false,
					"SoundEventId": "SFX_Pig_Run"
				}
			]
		},
		"Spawn": {
			"Animations": [
				{
					"Animation": "NPC/Livestock/Pig/Animations/Default/Spawn.blockyanim",
					"BlendingDuration": 0,
					"Looping": false
				}
			]
		},
		"Sniff": {
			"Animations": [
				{
					"Animation": "NPC/Livestock/Pig/Animations/Flavor/Sniff.blockyanim",
					"Looping": false
				}
			]
		},
		"Shake": {
			"Animations": [
				{
					"Animation": "NPC/Livestock/Pig/Animations/Flavor/Shake.blockyanim",
					"Looping": false
				}
			]
		},
		"Flee": {
			"Animations": [
				{
					"Animation": "NPC/Livestock/Pig/Animations/Flavor/Flee.blockyanim",
					"SoundEventId": "SFX_Pig_Run"
				}
			]
		},
		"FlyIdle": {
			"Animations": [
				{
					"Animation": "NPC/Livestock/Pig/Animations/Fly/Fly_Idle.blockyanim"
				}
			]
		},
		"Fly": {
			"Animations": [
				{
					"Animation": "NPC/Livestock/Pig/Animations/Fly/Fly.blockyanim"
				}
			]
		},
		"FlyFast": {
			"Animations": [
				{
					"Animation": "NPC/Livestock/Pig/Animations/Fly/Fly_Fast.blockyanim"
				}
			]
		},
		"FlyBackward": {
			"Animations": [
				{
					"Animation": "NPC/Livestock/Pig/Animations/Fly/Fly_Backward.blockyanim"
				}
			]
		},
		"SwimIdle": {
			"Animations": [
				{
					"Animation": "NPC/Livestock/Pig/Animations/Swim/Swim_Idle.blockyanim"
				}
			]
		},
		"Swim": {
			"Animations": [
				{
					"Animation": "NPC/Livestock/Pig/Animations/Swim/Swim.blockyanim"
				}
			]
		},
		"SwimBackward": {
			"Animations": [
				{
					"Animation": "NPC/Livestock/Pig/Animations/Swim/Swim_Backward.blockyanim"
				}
			]
		},
		"SwimFast": {
			"Animations": [
				{
					"Animation": "NPC/Livestock/Pig/Animations/Swim/Swim_Fast.blockyanim"
				}
			]
		},
		"SwimFloat": {
			"Animations": [
				{
					"Animation": "NPC/Livestock/Pig/Animations/Swim/Swim_Float.blockyanim"
				}
			]
		},
		"SwimSink": {
			"Animations": [
				{
					"Animation": "NPC/Livestock/Pig/Animations/Swim/Swim_Sink.blockyanim"
				}
			]
		},
		"SwimJump": {
			"Animations": [
				{
					"Animation": "NPC/Livestock/Pig/Animations/Swim/Swim_Jump.blockyanim",
					"BlendingDuration": 0.1,
					"Looping": false
				}
			]
		},
		"SwimDive": {
			"Animations": [
				{
					"Animation": "NPC/Livestock/Pig/Animations/Swim/Swim.blockyanim"
				}
			]
		},
		"SwimDiveFast": {
			"Animations": [
				{
					"Animation": "NPC/Livestock/Pig/Animations/Swim/Swim_Fast.blockyanim"
				}
			]
		},
		"SwimDiveBackward": {
			"Animations": [
				{
					"Animation": "NPC/Livestock/Pig/Animations/Swim/Swim_Backward.blockyanim"
				}
			]
		},
		"FluidIdle": {
			"Animations": [
				{
					"Animation": "NPC/Livestock/Pig/Animations/Default/Idle.blockyanim",
					"Speed": 0.6
				}
			]
		},
		"FluidWalk": {
			"Animations": [
				{
					"Animation": "NPC/Livestock/Pig/Animations/Default/Walk.blockyanim",
					"Speed": 0.6
				}
			]
		},
		"FluidWalkBackward": {
			"Animations": [
				{
					"Animation": "NPC/Livestock/Pig/Animations/Default/Walk_Backward.blockyanim",
					"Speed": 0.6
				}
			]
		},
		"FluidRun": {
			"Animations": [
				{
					"Animation": "NPC/Livestock/Pig/Animations/Default/Run.blockyanim",
					"Speed": 0.6
				}
			]
		},
		"ScratchBackGroundDown": {
			"Animations": [
				{
					"Animation": "NPC/Livestock/Pig/Animations/Flavor/Scratch_Back_Ground_Down.blockyanim",
					"Looping": false
				}
			]
		},
		"ScratchBackGround": {
			"Animations": [
				{
					"Animation": "NPC/Livestock/Pig/Animations/Flavor/Scratch_Back_Ground.blockyanim"
				}
			]
		},
		"ScratchBackGroundUp": {
			"Animations": [
				{
					"Animation": "NPC/Livestock/Pig/Animations/Flavor/Scratch_Back_Ground_Up.blockyanim",
					"Looping": false
				}
			]
		},
		"Eat": {
			"Animations": [
				{
					"Animation": "NPC/Livestock/Pig/Animations/Flavor/Eat.blockyanim"
				}
			]
		},
		"EatHand": {
			"Animations": [
				{
					"Animation": "NPC/Livestock/Pig/Animations/Flavor/Eat_Hand.blockyanim"
				}
			]
		},
		"EatTrough": {
			"Animations": [
				{
					"Animation": "NPC/Livestock/Pig/Animations/Flavor/Eat_Trough.blockyanim"
				}
			]
		},
		"ScratchButtTree": {
			"Animations": [
				{
					"Animation": "NPC/Livestock/Pig/Animations/Flavor/Scratch_Butt_Tree.blockyanim"
				}
			]
		},
		"SniffGround": {
			"Animations": [
				{
					"Animation": "NPC/Livestock/Pig/Animations/Flavor/Sniff_Ground.blockyanim"
				}
			]
		},
		"Dig": {
			"Animations": [
				{
					"Animation": "NPC/Livestock/Pig/Animations/Flavor/Dig.blockyanim"
				}
			]
		},
		"DigFind": {
			"Animations": [
				{
					"Animation": "NPC/Livestock/Pig/Animations/Flavor/Dig_Find.blockyanim",
					"Looping": false
				}
			]
		},
		"Happy": {
			"Animations": [
				{
					"Animation": "NPC/Livestock/Pig/Animations/Flavor/Happy.blockyanim",
					"Looping": false
				}
			]
		},
		"Track": {
			"Animations": [
				{
					"Animation": "NPC/Livestock/Pig/Animations/Flavor/Track.blockyanim"
				}
			]
		},
		"GreetAnimation": {
			"Animations": [
				{
					"Animation": "NPC/Livestock/Pig/Animations/Default/Idle.blockyanim",
					"Looping": false,
					"Speed": 1.0
				}
			]
		}
	},
	"Camera": {
		"PositionOffset": {
			"Y": 0.3,
			"X": -0.55,
			"Z": 2.5
		}
	}
}