{
	"Model": "NPC/Livestock/Rabbit/Models/Model.blockymodel",
	"Texture": "NPC/Livestock/Rabbit/Models/Texture.png",
	"EyeHeight": 0.9,
	"CrouchOffset": -0.3,
	"HitBox": {
		"Max": {
			"X": 0.4,
			"Y": 1.3,
			"Z": 0.4
		},
		"Min": {
			"X": -0.4,
			"Y": 0,
			"Z": -0.4
		}
	},
	"RandomAttachmentSets": {
		"Horns": {
			"0": {
				"Model": "NPC/Livestock/Rabbit/Models/Attachments/Horns.blockymodel",
				"Texture": "NPC/Livestock/Rabbit/Models/Attachments/Horns_Texture.png",
				"Weight": 10
			},
			"1": {
				"Model": "NPC/Livestock/Rabbit/Models/Attachments/Horns.blockymodel",
				"Texture": "NPC/Livestock/Rabbit/Models/Attachments/Horns_1.png",
				"Weight": 10
			},
			"2": {
				"Model": "NPC/Livestock/Rabbit/Models/Attachments/Horns.blockymodel",
				"Texture": "NPC/Livestock/Rabbit/Models/Attachments/Horns_2.png",
				"Weight": 10
			},
			"3": {
				"Model": "NPC/Livestock/Rabbit/Models/Attachments/Horns.blockymodel",
				"Texture": "NPC/Livestock/Rabbit/Models/Attachments/Horns_3.png",
				"Weight": 10
			},
			"4": {
				"Model": "NPC/Livestock/Rabbit/Models/Attachments/Horns.blockymodel",
				"Texture": "NPC/Livestock/Rabbit/Models/Attachments/Empty.png",
				"Weight": 1
			},
			"5": {
				"Model": "NPC/Livestock/Rabbit/Models/Attachments/Horns_2.blockymodel",
				"Texture": "NPC/Livestock/Rabbit/Models/Attachments/Horns_3.png",
				"Weight": 10
			},
			"6": {
				"Model": "NPC/Livestock/Rabbit/Models/Attachments/Horns_2.blockymodel",
				"Texture": "NPC/Livestock/Rabbit/Models/Attachments/Horns_2.png",
				"Weight": 10
			},
			"7": {
				"Model": "NPC/Livestock/Rabbit/Models/Attachments/Horns_2.blockymodel",
				"Texture": "NPC/Livestock/Rabbit/Models/Attachments/Horns_1.png",
				"Weight": 10
			},
			"8": {
				"Model": "NPC/Livestock/Rabbit/Models/Attachments/Horns_3.blockymodel",
				"Texture": "NPC/Livestock/Rabbit/Models/Attachments/Horns_3.png",
				"Weight": 10
			},
			"7": {
				"Model": "NPC/Livestock/Rabbit/Models/Attachments/Horns_3.blockymodel",
				"Texture": "NPC/Livestock/Rabbit/Models/Attachments/Horns_2.png",
				"Weight": 10
			},
			"10": {
				"Model": "NPC/Livestock/Rabbit/Models/Attachments/Horns_3.blockymodel",
				"Texture": "NPC/Livestock/Rabbit/Models/Attachments/Horns_1.png",
				"Weight": 10
			},
			"11": {
				"Model": "NPC/Livestock/Rabbit/Models/Attachments/Horns_4.blockymodel",
				"Texture": "NPC/Livestock/Rabbit/Models/Attachments/Horns_3.png",
				"Weight": 10
			},
			"12": {
				"Model": "NPC/Livestock/Rabbit/Models/Attachments/Horns_4.blockymodel",
				"Texture": "NPC/Livestock/Rabbit/Models/Attachments/Horns_2.png",
				"Weight": 10
			},
			"13": {
				"Model": "NPC/Livestock/Rabbit/Models/Attachments/Horns_4.blockymodel",
				"Texture": "NPC/Livestock/Rabbit/Models/Attachments/Horns_1.png",
				"Weight": 10
			},
			"14": {
				"Model": "NPC/Livestock/Rabbit/Models/Attachments/Horns_5.blockymodel",
				"Texture": "NPC/Livestock/Rabbit/Models/Attachments/Horns_1.png",
				"Weight": 10
			},
			"15": {
				"Model": "NPC/Livestock/Rabbit/Models/Attachments/Horns_5.blockymodel",
				"Texture": "NPC/Livestock/Rabbit/Models/Attachments/Horns_2.png",
				"Weight": 10
			},
			"16": {
				"Model": "NPC/Livestock/Rabbit/Models/Attachments/Horns_5.blockymodel",
				"Texture": "NPC/Livestock/Rabbit/Models/Attachments/Horns_3.png",
				"Weight": 10
			},
			"17": {
				"Model": "NPC/Livestock/Rabbit/Models/Attachments/Horns_6.blockymodel",
				"Texture": "NPC/Livestock/Rabbit/Models/Attachments/Horns_1.png",
				"Weight": 10
			},
			"18": {
				"Model": "NPC/Livestock/Rabbit/Models/Attachments/Horns_6.blockymodel",
				"Texture": "NPC/Livestock/Rabbit/Models/Attachments/Horns_2.png",
				"Weight": 10
			},
			"19": {
				"Model": "NPC/Livestock/Rabbit/Models/Attachments/Horns_6.blockymodel",
				"Texture": "NPC/Livestock/Rabbit/Models/Attachments/Horns_3.png",
				"Weight": 10
			}
		},
		"Eyes": {
			"0": {
				"Model": "NPC/Livestock/Rabbit/Models/Model.blockymodel",
				"Texture": "NPC/Livestock/Rabbit/Models/Attachments/Empty.png",
				"Weight": 1
			},
			"1": {
				"Model": "NPC/Livestock/Rabbit/Models/Model.blockymodel",
				"Texture": "NPC/Livestock/Rabbit/Models/Attachments/Eyes_1.png",
				"Weight": 10
			},
			"2": {
				"Model": "NPC/Livestock/Rabbit/Models/Model.blockymodel",
				"Texture": "NPC/Livestock/Rabbit/Models/Attachments/Eyes_2.png",
				"Weight": 10
			},
			"3": {
				"Model": "NPC/Livestock/Rabbit/Models/Model.blockymodel",
				"Texture": "NPC/Livestock/Rabbit/Models/Attachments/Eyes_3.png",
				"Weight": 10
			},
			"4": {
				"Model": "NPC/Livestock/Rabbit/Models/Model.blockymodel",
				"Texture": "NPC/Livestock/Rabbit/Models/Attachments/Eyes_4.png",
				"Weight": 10
			},
			"5": {
				"Model": "NPC/Livestock/Rabbit/Models/Model.blockymodel",
				"Texture": "NPC/Livestock/Rabbit/Models/Attachments/Eyes_5.png",
				"Weight": 10
			},
			"6": {
				"Model": "NPC/Livestock/Rabbit/Models/Model.blockymodel",
				"Texture": "NPC/Livestock/Rabbit/Models/Attachments/Eyes_6.png",
				"Weight": 10
			},
			"7": {
				"Model": "NPC/Livestock/Rabbit/Models/Model.blockymodel",
				"Texture": "NPC/Livestock/Rabbit/Models/Attachments/Eyes_7.png",
				"Weight": 10
			},
			"8": {
				"Model": "NPC/Livestock/Rabbit/Models/Model.blockymodel",
				"Texture": "NPC/Livestock/Rabbit/Models/Attachments/Eyes_8.png",
				"Weight": 1
			}
		},
		"Fur": {
			"0": {
				"Model": "NPC/Livestock/Rabbit/Models/Model.blockymodel",
				"Texture": "NPC/Livestock/Rabbit/Models/Attachments/Empty.png",
				"Weight": 1
			},
			"1": {
				"Model": "NPC/Livestock/Rabbit/Models/Model.blockymodel",
				"Texture": "NPC/Livestock/Rabbit/Models/Attachments/Fur_1.png",
				"Weight": 5
			},
			"2": {
				"Model": "NPC/Livestock/Rabbit/Models/Model.blockymodel",
				"Texture": "NPC/Livestock/Rabbit/Models/Attachments/Fur_2.png",
				"Weight": 5
			},
			"3": {
				"Model": "NPC/Livestock/Rabbit/Models/Model.blockymodel",
				"Texture": "NPC/Livestock/Rabbit/Models/Attachments/Fur_3.png",
				"Weight": 5
			},
			"4": {
				"Model": "NPC/Livestock/Rabbit/Models/Model.blockymodel",
				"Texture": "NPC/Livestock/Rabbit/Models/Attachments/Fur_4.png",
				"Weight": 5
			}
		},
		"BaseColor": {
			"0": {
				"Model": "NPC/Livestock/Rabbit/Models/Model.blockymodel",
				"Texture": "NPC/Livestock/Rabbit/Models/Attachments/Empty.png",
				"Weight": 3
			},
			"1": {
				"Model": "NPC/Livestock/Rabbit/Models/Model.blockymodel",
				"Texture": "NPC/Livestock/Rabbit/Models/Attachments/Base_1.png"
			},
			"2": {
				"Model": "NPC/Livestock/Rabbit/Models/Model.blockymodel",
				"Texture": "NPC/Livestock/Rabbit/Models/Attachments/Base_2.png"
			},
			"3": {
				"Model": "NPC/Livestock/Rabbit/Models/Model.blockymodel",
				"Texture": "NPC/Livestock/Rabbit/Models/Attachments/Base_3.png"
			},
			"4": {
				"Model": "NPC/Livestock/Rabbit/Models/Model.blockymodel",
				"Texture": "NPC/Livestock/Rabbit/Models/Attachments/Base_4.png"
			},
			"5": {
				"Model": "NPC/Livestock/Rabbit/Models/Model.blockymodel",
				"Texture": "NPC/Livestock/Rabbit/Models/Attachments/Base_5.png"
			},
			"6": {
				"Model": "NPC/Livestock/Rabbit/Models/Model.blockymodel",
				"Texture": "NPC/Livestock/Rabbit/Models/Attachments/Base_6.png"
			},
			"7": {
				"Model": "NPC/Livestock/Rabbit/Models/Model.blockymodel",
				"Texture": "NPC/Livestock/Rabbit/Models/Attachments/Base_7.png"
			},
			"8": {
				"Model": "NPC/Livestock/Rabbit/Models/Model.blockymodel",
				"Texture": "NPC/Livestock/Rabbit/Models/Attachments/Base_8.png"
			},
			"9": {
				"Model": "NPC/Livestock/Rabbit/Models/Model.blockymodel",
				"Texture": "NPC/Livestock/Rabbit/Models/Attachments/Base_9.png"
			},
			"10": {
				"Model": "NPC/Livestock/Rabbit/Models/Model.blockymodel",
				"Texture": "NPC/Livestock/Rabbit/Models/Attachments/Base_10.png"
			},
			"11": {
				"Model": "NPC/Livestock/Rabbit/Models/Model.blockymodel",
				"Texture": "NPC/Livestock/Rabbit/Models/Attachments/Base_11.png"
			},
			"12": {
				"Model": "NPC/Livestock/Rabbit/Models/Model.blockymodel",
				"Texture": "NPC/Livestock/Rabbit/Models/Attachments/Base_12.png"
			},
			"13": {
				"Model": "NPC/Livestock/Rabbit/Models/Model.blockymodel",
				"Texture": "NPC/Livestock/Rabbit/Models/Attachments/Base_13.png"
			},
			"14": {
				"Model": "NPC/Livestock/Rabbit/Models/Model.blockymodel",
				"Texture": "NPC/Livestock/Rabbit/Models/Attachments/Base_14.png"
			},
			"15": {
				"Model": "NPC/Livestock/Rabbit/Models/Model.blockymodel",
				"Texture": "NPC/Livestock/Rabbit/Models/Attachments/Base_15.png"
			},
			"16": {
				"Model": "NPC/Livestock/Rabbit/Models/Model.blockymodel",
				"Texture": "NPC/Livestock/Rabbit/Models/Attachments/Base_16.png"
			},
			"17": {
				"Model": "NPC/Livestock/Rabbit/Models/Model.blockymodel",
				"Texture": "NPC/Livestock/Rabbit/Models/Attachments/Base_17.png"
			},
			"18": {
				"Model": "NPC/Livestock/Rabbit/Models/Model.blockymodel",
				"Texture": "NPC/Livestock/Rabbit/Models/Attachments/Base_18.png"
			},
			"19": {
				"Model": "NPC/Livestock/Rabbit/Models/Model.blockymodel",
				"Texture": "NPC/Livestock/Rabbit/Models/Attachments/Base_19.png"
			}
		}
	},
	"AnimationSets": {
		"Idle": {
			"Animations": [
				{
					"Animation": "NPC/Livestock/Rabbit/Animations/Default/Idle.blockyanim"
				}
			]
		},
		"Walk": {
			"Animations": [
				{
					"Animation": "NPC/Livestock/Rabbit/Animations/Default/Walk.blockyanim"
				}
			]
		},
		"WalkBackward": {
			"Animations": [
				{
					"Animation": "NPC/Livestock/Rabbit/Animations/Default/Walk_Backward.blockyanim"
				}
			]
		},
		"Run": {
			"Animations": [
				{
					"Animation": "NPC/Livestock/Rabbit/Animations/Default/Run.blockyanim",
					"SoundEventId": "SFX_Rabbit_Run"
				}
			]
		},
		"RunBackward": {
			"Animations": [
				{
					"Animation": "NPC/Livestock/Rabbit/Animations/Default/Run_Backward.blockyanim"
				}
			]
		},
		"Sprint": {
			"Animations": [
				{
					"Animation": "NPC/Livestock/Rabbit/Animations/Default/Sprint.blockyanim"
				}
			]
		},
		"StepWalk": {
			"Animations": [
				{
					"Animation": "NPC/Livestock/Rabbit/Animations/Default/Step_Walk.blockyanim",
					"Looping": false,
					"BlendingDuration": 0.1
				}
			]
		},
		"StepRun": {
			"Animations": [
				{
					"Animation": "NPC/Livestock/Rabbit/Animations/Default/Step_Run.blockyanim",
					"Looping": false,
					"BlendingDuration": 0.1
				}
			]
		},
		"StepSprint": {
			"Animations": [
				{
					"Animation": "NPC/Livestock/Rabbit/Animations/Default/Step_Sprint.blockyanim",
					"Looping": false,
					"Speed": 1.2,
					"BlendingDuration": 0.1
				}
			]
		},
		"Crouch": {
			"Animations": [
				{
					"Animation": "NPC/Livestock/Rabbit/Animations/Default/Crouch.blockyanim",
					"BlendingDuration": 0.1
				}
			]
		},
		"CrouchWalk": {
			"Animations": [
				{
					"Animation": "NPC/Livestock/Rabbit/Animations/Default/Crouch_Walk.blockyanim",
					"BlendingDuration": 0.1
				}
			]
		},
		"CrouchWalkBackward": {
			"Animations": [
				{
					"Animation": "NPC/Livestock/Rabbit/Animations/Default/Crouch_Walk_Backward.blockyanim",
					"BlendingDuration": 0.1
				}
			]
		},
		"Jump": {
			"Animations": [
				{
					"Animation": "NPC/Livestock/Rabbit/Animations/Default/Jump.blockyanim",
					"BlendingDuration": 0.1,
					"Looping": false,
					"Speed": 0.8
				}
			]
		},
		"JumpWalk": {
			"Animations": [
				{
					"Animation": "NPC/Livestock/Rabbit/Animations/Default/Jump.blockyanim",
					"BlendingDuration": 0.1,
					"Looping": false,
					"Speed": 0.8
				}
			]
		},
		"JumpRun": {
			"Animations": [
				{
					"Animation": "NPC/Livestock/Rabbit/Animations/Default/Jump_Run.blockyanim",
					"BlendingDuration": 0.1,
					"Looping": false,
					"Speed": 0.8
				}
			]
		},
		"JumpSprint": {
			"Animations": [
				{
					"Animation": "NPC/Livestock/Rabbit/Animations/Default/Jump_Run.blockyanim",
					"BlendingDuration": 0.1,
					"Looping": false,
					"Speed": 0.8
				}
			]
		},
		"Fall": {
			"Animations": [
				{
					"Animation": "NPC/Livestock/Rabbit/Animations/Default/Fall.blockyanim",
					"BlendingDuration": 0.4
				}
			]
		},
		"Alerted": {
			"Animations": [
				{
					"Animation": "NPC/Livestock/Rabbit/Animations/Default/Alerted.blockyanim",
					"Looping": false,
					"SoundEventId": "SFX_Rabbit_Alerted"
				},
				{
					"Animation": "NPC/Livestock/Rabbit/Animations/Default/Alerted2.blockyanim",
					"Looping": false,
					"SoundEventId": "SFX_Rabbit_Alerted"
				}
			]
		},
		"Curious": {
			"Animations": [
				{
					"Animation": "NPC/Livestock/Rabbit/Animations/Flavor/Curious.blockyanim"
				}
			]
		},
		"Hurt": {
			"Animations": [
				{
					"Animation": "NPC/Livestock/Rabbit/Animations/Damage/Hurt.blockyanim",
					"BlendingDuration": 0.1,
					"Looping": false,
					"SoundEventId": "SFX_Rabbit_Hurt"
				}
			]
		},
		"Death": {
			"Animations": [
				{
					"Animation": "NPC/Livestock/Rabbit/Animations/Damage/Death.blockyanim",
					"Looping": false,
					"SoundEventId": "SFX_Rabbit_Death"
				}
			]
		},
		"Laydown": {
			"Animations": [
				{
					"Animation": "NPC/Livestock/Rabbit/Animations/Default/Laydown.blockyanim",
					"Looping": false,
					"SoundEventId": "SFX_Rabbit_Sleep"
				}
			]
		},
		"Sleep": {
			"Animations": [
				{
					"Animation": "NPC/Livestock/Rabbit/Animations/Default/Sleep.blockyanim",
					"SoundEventId": "SFX_Rabbit_Sleep"
				}
			]
		},
		"Wake": {
			"Animations": [
				{
					"Animation": "NPC/Livestock/Rabbit/Animations/Default/Wake.blockyanim",
					"BlendingDuration": 0.2,
					"Looping": false,
					"SoundEventId": "SFX_Rabbit_Run"
				}
			]
		},
		"Spawn": {
			"Animations": [
				{
					"Animation": "NPC/Livestock/Rabbit/Animations/Default/Spawn.blockyanim",
					"BlendingDuration": 0,
					"Looping": false
				}
			]
		},
		"FlyIdle": {
			"Animations": [
				{
					"Animation": "NPC/Livestock/Rabbit/Animations/Fly/Fly_Idle.blockyanim"
				}
			]
		},
		"Fly": {
			"Animations": [
				{
					"Animation": "NPC/Livestock/Rabbit/Animations/Fly/Fly.blockyanim"
				}
			]
		},
		"FlyFast": {
			"Animations": [
				{
					"Animation": "NPC/Livestock/Rabbit/Animations/Fly/Fly_Fast.blockyanim"
				}
			]
		},
		"FlyBackward": {
			"Animations": [
				{
					"Animation": "NPC/Livestock/Rabbit/Animations/Fly/Fly_Backward.blockyanim"
				}
			]
		},
		"SwimIdle": {
			"Animations": [
				{
					"Animation": "NPC/Livestock/Rabbit/Animations/Swim/Swim_Idle.blockyanim"
				}
			]
		},
		"Swim": {
			"Animations": [
				{
					"Animation": "NPC/Livestock/Rabbit/Animations/Swim/Swim.blockyanim"
				}
			]
		},
		"SwimBackward": {
			"Animations": [
				{
					"Animation": "NPC/Livestock/Rabbit/Animations/Swim/Swim_Backward.blockyanim"
				}
			]
		},
		"SwimFast": {
			"Animations": [
				{
					"Animation": "NPC/Livestock/Rabbit/Animations/Swim/Swim_Fast.blockyanim"
				}
			]
		},
		"SwimFloat": {
			"Animations": [
				{
					"Animation": "NPC/Livestock/Rabbit/Animations/Swim/Swim_Idle.blockyanim"
				}
			]
		},
		"SwimSink": {
			"Animations": [
				{
					"Animation": "NPC/Livestock/Rabbit/Animations/Swim/Swim_Idle.blockyanim"
				}
			]
		},
		"SwimJump": {
			"Animations": [
				{
					"Animation": "NPC/Livestock/Rabbit/Animations/Default/Jump.blockyanim",
					"BlendingDuration": 0.1,
					"Looping": false
				}
			]
		},
		"SwimDive": {
			"Animations": [
				{
					"Animation": "NPC/Livestock/Rabbit/Animations/Swim/Swim.blockyanim"
				}
			]
		},
		"SwimDiveFast": {
			"Animations": [
				{
					"Animation": "NPC/Livestock/Rabbit/Animations/Swim/Swim_Fast.blockyanim"
				}
			]
		},
		"SwimDiveBackward": {
			"Animations": [
				{
					"Animation": "NPC/Livestock/Rabbit/Animations/Swim/Swim_Backward.blockyanim"
				}
			]
		},
		"IdlePassive": {
			"Animations": [
				{
					"Animation": "NPC/Livestock/Rabbit/Animations/Flavor/Sniff.blockyanim"
				}
			],
			"NextAnimationDelay": {
				"Max": 10,
				"Min": 2
			}
		},
		"Flee": {
			"Animations": [
				{
					"Animation": "NPC/Livestock/Rabbit/Animations/Flavor/Flee.blockyanim",
					"SoundEventId": "SFX_Rabbit_Run"
				}
			]
		},
		"Eat": {
			"Animations": [
				{
					"Animation": "NPC/Livestock/Rabbit/Animations/Default/Idle.blockyanim",
					"Speed": 0.6
				}
			]
		},
		"GreetAnimation": {
			"Animations": [
				{
					"Animation": "NPC/Livestock/Rabbit/Animations/Default/Idle.blockyanim",
					"Looping": false,
					"Speed": 1.0
				}
			]
		}
	}
}