{
	"Model": "NPC/Livestock/Ram/Models/Model.blockymodel",
	"Texture": "NPC/Livestock/Ram/Models/Texture.png",
	"EyeHeight": 1.4,
	"CrouchOffset": -0.5,
	"HitBox": {
		"Max": {
			"X": 0.4,
			"Y": 1.8,
			"Z": 0.4
		},
		"Min": {
			"X": -0.4,
			"Y": 0,
			"Z": -0.4
		}
	},
	"RandomAttachmentSets": {
		"Horn": {
			"0": {
				"Model": "NPC/Livestock/Ram/Models/Model.blockymodel",
				"Texture": "NPC/Livestock/Ram/Models/Attachments/Empty.png",
				"Weight": 1
			},
			"1": {
				"Model": "NPC/Livestock/Ram/Models/Model.blockymodel",
				"Texture": "NPC/Livestock/Ram/Models/Attachments/Horn_1.png",
				"Weight": 10
			},
			"2": {
				"Model": "NPC/Livestock/Ram/Models/Model.blockymodel",
				"Texture": "NPC/Livestock/Ram/Models/Attachments/Horn_2.png",
				"Weight": 10
			},
			"3": {
				"Model": "NPC/Livestock/Ram/Models/Model.blockymodel",
				"Texture": "NPC/Livestock/Ram/Models/Attachments/Horn_3.png",
				"Weight": 10
			},
			"4": {
				"Model": "NPC/Livestock/Ram/Models/Model.blockymodel",
				"Texture": "NPC/Livestock/Ram/Models/Attachments/Horn_4.png",
				"Weight": 10
			},
			"5": {
				"Model": "NPC/Livestock/Ram/Models/Model.blockymodel",
				"Texture": "NPC/Livestock/Ram/Models/Attachments/Horn_5.png",
				"Weight": 10
			},
			"6": {
				"Model": "NPC/Livestock/Ram/Models/Model.blockymodel",
				"Texture": "NPC/Livestock/Ram/Models/Attachments/Horn_6.png",
				"Weight": 10
			}
		},
		"Fur": {
			"0": {
				"Model": "NPC/Livestock/Ram/Models/Model.blockymodel",
				"Texture": "NPC/Livestock/Ram/Models/Attachments/Empty.png",
				"Weight": 1
			},
			"1": {
				"Model": "NPC/Livestock/Ram/Models/Model.blockymodel",
				"Texture": "NPC/Livestock/Ram/Models/Attachments/Fur_1.png",
				"Weight": 5
			},
			"2": {
				"Model": "NPC/Livestock/Ram/Models/Model.blockymodel",
				"Texture": "NPC/Livestock/Ram/Models/Attachments/Fur_2.png",
				"Weight": 5
			},
			"3": {
				"Model": "NPC/Livestock/Ram/Models/Model.blockymodel",
				"Texture": "NPC/Livestock/Ram/Models/Attachments/Fur_3.png",
				"Weight": 5
			},
			"4": {
				"Model": "NPC/Livestock/Ram/Models/Model.blockymodel",
				"Texture": "NPC/Livestock/Ram/Models/Attachments/Fur_4.png",
				"Weight": 5
			},
			"5": {
				"Model": "NPC/Livestock/Ram/Models/Model.blockymodel",
				"Texture": "NPC/Livestock/Ram/Models/Attachments/Fur_5.png",
				"Weight": 5
			},
			"6": {
				"Model": "NPC/Livestock/Ram/Models/Model.blockymodel",
				"Texture": "NPC/Livestock/Ram/Models/Attachments/Fur_6.png",
				"Weight": 5
			},
			"7": {
				"Model": "NPC/Livestock/Ram/Models/Model.blockymodel",
				"Texture": "NPC/Livestock/Ram/Models/Attachments/Fur_7.png",
				"Weight": 5
			},
			"8": {
				"Model": "NPC/Livestock/Ram/Models/Model.blockymodel",
				"Texture": "NPC/Livestock/Ram/Models/Attachments/Fur_8.png",
				"Weight": 5
			}
		},
		"BaseColor": {
			"0": {
				"Model": "NPC/Livestock/Ram/Models/Model.blockymodel",
				"Texture": "NPC/Livestock/Ram/Models/Attachments/Empty.png",
				"Weight": 2
			},
			"1": {
				"Model": "NPC/Livestock/Ram/Models/Model.blockymodel",
				"Texture": "NPC/Livestock/Ram/Models/Attachments/Base_1.png"
			},
			"2": {
				"Model": "NPC/Livestock/Ram/Models/Model.blockymodel",
				"Texture": "NPC/Livestock/Ram/Models/Attachments/Base_2.png"
			},
			"3": {
				"Model": "NPC/Livestock/Ram/Models/Model.blockymodel",
				"Texture": "NPC/Livestock/Ram/Models/Attachments/Base_3.png"
			},
			"4": {
				"Model": "NPC/Livestock/Ram/Models/Model.blockymodel",
				"Texture": "NPC/Livestock/Ram/Models/Attachments/Base_4.png"
			},
			"5": {
				"Model": "NPC/Livestock/Ram/Models/Model.blockymodel",
				"Texture": "NPC/Livestock/Ram/Models/Attachments/Base_5.png"
			}
		}
	},
	"DefaultAttachments": [],
	"Camera": {
		"Pitch": {
			"AngleRange": {
				"Max": 45,
				"Min": -45
			},
			"TargetNodes": [
				"Head"
			]
		},
		"Yaw": {
			"AngleRange": {
				"Max": 30,
				"Min": -30
			},
			"TargetNodes": [
				"Head"
			]
		}
	},
	"AnimationSets": {
		"Idle": {
			"Animations": [
				{
					"Animation": "NPC/Livestock/Ram/Animations/Default/Idle.blockyanim",
					"Speed": 1
				}
			]
		},
		"Walk": {
			"Animations": [
				{
					"Animation": "NPC/Livestock/Ram/Animations/Default/Walk.blockyanim",
					"Speed": 1
				}
			]
		},
		"WalkBackward": {
			"Animations": [
				{
					"Animation": "NPC/Livestock/Ram/Animations/Default/Walk_Backward.blockyanim"
				}
			]
		},
		"Run": {
			"Animations": [
				{
					"Animation": "NPC/Livestock/Ram/Animations/Default/Run.blockyanim",
					"SoundEventId": "SFX_Ram_Run",
					"Speed": 1
				}
			]
		},
		"Crouch": {
			"Animations": [
				{
					"Animation": "NPC/Livestock/Ram/Animations/Default/Crouch.blockyanim",
					"BlendingDuration": 0.1
				}
			]
		},
		"CrouchWalk": {
			"Animations": [
				{
					"Animation": "NPC/Livestock/Ram/Animations/Default/Crouch_Walk.blockyanim",
					"BlendingDuration": 0.1
				}
			]
		},
		"CrouchWalkBackward": {
			"Animations": [
				{
					"Animation": "NPC/Livestock/Ram/Animations/Default/Crouch_Walk_Backward.blockyanim",
					"BlendingDuration": 0.1
				}
			]
		},
		"Jump": {
			"Animations": [
				{
					"Animation": "NPC/Livestock/Ram/Animations/Default/Jump.blockyanim",
					"BlendingDuration": 0.1,
					"Looping": false,
					"Speed": 0.8
				}
			]
		},
		"JumpWalk": {
			"Animations": [
				{
					"Animation": "NPC/Livestock/Ram/Animations/Default/Jump.blockyanim",
					"BlendingDuration": 0.1,
					"Looping": false,
					"Speed": 0.8
				}
			]
		},
		"JumpRun": {
			"Animations": [
				{
					"Animation": "NPC/Livestock/Ram/Animations/Default/Jump_Far.blockyanim",
					"BlendingDuration": 0.1,
					"Looping": false,
					"Speed": 0.8
				}
			]
		},
		"Fall": {
			"Animations": [
				{
					"Animation": "NPC/Livestock/Ram/Animations/Default/Fall.blockyanim",
					"BlendingDuration": 0.4
				}
			]
		},
		"Alerted": {
			"Animations": [
				{
					"Animation": "NPC/Livestock/Ram/Animations/Default/Alerted.blockyanim",
					"BlendingDuration": 0.1,
					"Looping": false,
					"SoundEventId": "SFX_Ram_Alerted"
				}
			]
		},
		"Curious": {
			"Animations": [
				{
					"Animation": "NPC/Livestock/Ram/Animations/Flavor/Curious.blockyanim"
				}
			]
		},
		"Hurt": {
			"Animations": [
				{
					"Animation": "NPC/Livestock/Ram/Animations/Damage/Hurt.blockyanim",
					"BlendingDuration": 0.1,
					"Looping": false,
					"SoundEventId": "SFX_Ram_Hurt"
				}
			]
		},
		"Death": {
			"Animations": [
				{
					"Animation": "NPC/Livestock/Ram/Animations/Damage/Death.blockyanim",
					"Looping": false,
					"SoundEventId": "SFX_Ram_Death"
				}
			]
		},
		"Laydown": {
			"Animations": [
				{
					"Animation": "NPC/Livestock/Ram/Animations/Default/Laydown.blockyanim",
					"Looping": false
				}
			]
		},
		"Sleep": {
			"Animations": [
				{
					"Animation": "NPC/Livestock/Ram/Animations/Default/Sleep.blockyanim",
					"SoundEventId": "SFX_Ram_Sleep"
				}
			]
		},
		"Wake": {
			"Animations": [
				{
					"Animation": "NPC/Livestock/Ram/Animations/Default/Wake.blockyanim",
					"Looping": false
				}
			]
		},
		"Spawn": {
			"Animations": [
				{
					"Animation": "NPC/Livestock/Ram/Animations/Default/Spawn.blockyanim",
					"BlendingDuration": 0,
					"Looping": false
				}
			]
		},
		"Eat": {
			"Animations": [
				{
					"Animation": "NPC/Livestock/Ram/Animations/Default/Idle.blockyanim",
					"Speed": 0.6
				}
			]
		},
		"GreetAnimation": {
			"Animations": [
				{
					"Animation": "NPC/Livestock/Ram/Animations/Default/Idle.blockyanim",
					"Looping": false,
					"Speed": 1.0
				}
			]
		}
	}
}