{
	"Model": "NPC/Livestock/Sheep/Models/Model.blockymodel",
	"Texture": "NPC/Livestock/Sheep/Models/Texture.png",
	"EyeHeight": 1.05,
	"CrouchOffset": -0.3,
	"HitBox": {
		"Max": {
			"X": 0.4,
			"Y": 1.3,
			"Z": 0.4
		},
		"Min": {
			"X": -0.4,
			"Y": 0,
			"Z": -0.4
		}
	},
	"MinScale": 0.9,
	"MaxScale": 1.1,
	"AnimationSets": {
		"Idle": {
			"Animations": [
				{
					"Animation": "NPC/Livestock/Sheep/Animations/Default/Idle.blockyanim"
				}
			]
		},
		"Walk": {
			"Animations": [
				{
					"Animation": "NPC/Livestock/Sheep/Animations/Default/Walk.blockyanim",
					"Speed": 1.2,
					"SoundEventId": "SFX_Sheep_Walk"
				}
			]
		},
		"WalkBackward": {
			"Animations": [
				{
					"Animation": "NPC/Livestock/Sheep/Animations/Default/Walk_Backward.blockyanim"
				}
			]
		},
		"Run": {
			"Animations": [
				{
					"Animation": "NPC/Livestock/Sheep/Animations/Default/Run.blockyanim",
					"Speed": 1,
					"SoundEventId": "SFX_Sheep_Run"
				}
			]
		},
		"RunBackward": {
			"Animations": [
				{
					"Animation": "NPC/Livestock/Sheep/Animations/Default/Run_Backward.blockyanim"
				}
			]
		},
		"Sprint": {
			"Animations": [
				{
					"Animation": "NPC/Livestock/Sheep/Animations/Default/Sprint.blockyanim",
					"Speed": 1.2
				}
			]
		},
		"Crouch": {
			"Animations": [
				{
					"Animation": "NPC/Livestock/Sheep/Animations/Default/Crouch.blockyanim",
					"BlendingDuration": 0.1
				}
			]
		},
		"CrouchWalk": {
			"Animations": [
				{
					"Animation": "NPC/Livestock/Sheep/Animations/Default/Crouch_Walk.blockyanim",
					"BlendingDuration": 0.1
				}
			]
		},
		"CrouchWalkBackward": {
			"Animations": [
				{
					"Animation": "NPC/Livestock/Sheep/Animations/Default/Crouch_Walk_Backward.blockyanim",
					"BlendingDuration": 0.1
				}
			]
		},
		"StepWalk": {
			"Animations": [
				{
					"Animation": "NPC/Livestock/Sheep/Animations/Default/Step_Walk.blockyanim",
					"Looping": false,
					"Speed": 1.4,
					"BlendingDuration": 0.1
				}
			]
		},
		"StepRun": {
			"Animations": [
				{
					"Animation": "NPC/Livestock/Sheep/Animations/Default/Step_Run.blockyanim",
					"Looping": false,
					"BlendingDuration": 0.1
				}
			]
		},
		"StepSprint": {
			"Animations": [
				{
					"Animation": "NPC/Livestock/Sheep/Animations/Default/Step_Sprint.blockyanim",
					"Looping": false,
					"BlendingDuration": 0.1
				}
			]
		},
		"Jump": {
			"Animations": [
				{
					"Animation": "NPC/Livestock/Sheep/Animations/Default/Jump.blockyanim",
					"BlendingDuration": 0.1,
					"Looping": false,
					"Speed": 0.8
				}
			]
		},
		"JumpWalk": {
			"Animations": [
				{
					"Animation": "NPC/Livestock/Sheep/Animations/Default/Jump.blockyanim",
					"BlendingDuration": 0.1,
					"Looping": false,
					"Speed": 0.8
				}
			]
		},
		"JumpRun": {
			"Animations": [
				{
					"Animation": "NPC/Livestock/Sheep/Animations/Default/Jump_Run.blockyanim",
					"BlendingDuration": 0.1,
					"Looping": false,
					"Speed": 0.8
				}
			]
		},
		"JumpSprint": {
			"Animations": [
				{
					"Animation": "NPC/Livestock/Sheep/Animations/Default/Jump_Run.blockyanim",
					"BlendingDuration": 0.1,
					"Looping": false,
					"Speed": 0.8
				}
			]
		},
		"Fall": {
			"Animations": [
				{
					"Animation": "NPC/Livestock/Sheep/Animations/Default/Fall.blockyanim",
					"BlendingDuration": 0.4,
					"Looping": false
				}
			]
		},
		"Alerted": {
			"Animations": [
				{
					"Animation": "NPC/Livestock/Sheep/Animations/Default/Alerted.blockyanim",
					"Looping": false,
					"SoundEventId": "SFX_Sheep_Alerted"
				}
			]
		},
		"Curious": {
			"Animations": [
				{
					"Animation": "NPC/Livestock/Sheep/Animations/Flavor/Curious.blockyanim",
					"SoundEventId": "SFX_Sheep_Alerted"
				}
			]
		},
		"Hurt": {
			"Animations": [
				{
					"Animation": "NPC/Livestock/Sheep/Animations/Damage/Hurt.blockyanim",
					"BlendingDuration": 0.1,
					"Looping": false,
					"SoundEventId": "SFX_Sheep_Hurt"
				}
			]
		},
		"Death": {
			"Animations": [
				{
					"Animation": "NPC/Livestock/Sheep/Animations/Damage/Death.blockyanim",
					"Looping": false,
					"SoundEventId": "SFX_Sheep_Death"
				}
			]
		},
		"Laydown": {
			"Animations": [
				{
					"Animation": "NPC/Livestock/Sheep/Animations/Default/Laydown.blockyanim",
					"Looping": false
				}
			]
		},
		"Sleep": {
			"Animations": [
				{
					"Animation": "NPC/Livestock/Sheep/Animations/Default/Sleep.blockyanim"
				}
			]
		},
		"Wake": {
			"Animations": [
				{
					"Animation": "NPC/Livestock/Sheep/Animations/Default/Wake.blockyanim",
					"Looping": false
				}
			]
		},
		"Spawn": {
			"Animations": [
				{
					"Animation": "NPC/Livestock/Sheep/Animations/Default/Spawn.blockyanim",
					"BlendingDuration": 0,
					"Looping": false
				}
			]
		},
		"IdlePassive": {
			"Animations": [
				{
					"Animation": "NPC/Livestock/Sheep/Animations/Flavor/Shake.blockyanim"
				},
				{
					"Animation": "NPC/Livestock/Sheep/Animations/Flavor/Twitch_Left.blockyanim"
				},
				{
					"Animation": "NPC/Livestock/Sheep/Animations/Flavor/Twitch_Right.blockyanim"
				}
			]
		},
		"Bleat": {
			"Animations": [
				{
					"Animation": "NPC/Livestock/Sheep/Animations/Flavor/Bleat.blockyanim",
					"Looping": false,
					"SoundEventId": "SFX_Sheep_Alerted"
				}
			]
		},
		"Eat": {
			"Animations": [
				{
					"Animation": "NPC/Livestock/Sheep/Animations/Flavor/Eat.blockyanim"
				}
			]
		},
		"Stare": {
			"Animations": [
				{
					"Animation": "NPC/Livestock/Sheep/Animations/Flavor/Stare.blockyanim"
				}
			]
		},
		"FlyIdle": {
			"Animations": [
				{
					"Animation": "NPC/Livestock/Sheep/Animations/Fly/Fly_Idle.blockyanim"
				}
			]
		},
		"Fly": {
			"Animations": [
				{
					"Animation": "NPC/Livestock/Sheep/Animations/Fly/Fly.blockyanim"
				}
			]
		},
		"FlyBackward": {
			"Animations": [
				{
					"Animation": "NPC/Livestock/Sheep/Animations/Fly/Fly_Backward.blockyanim"
				}
			]
		},
		"FlyFast": {
			"Animations": [
				{
					"Animation": "NPC/Livestock/Sheep/Animations/Fly/Fly_Fast.blockyanim"
				}
			]
		},
		"SwimIdle": {
			"Animations": [
				{
					"Animation": "NPC/Livestock/Sheep/Animations/Swim/Swim_Idle.blockyanim",
					"Speed": 1.5
				}
			]
		},
		"Swim": {
			"Animations": [
				{
					"Animation": "NPC/Livestock/Sheep/Animations/Swim/Swim.blockyanim",
					"Speed": 4
				}
			]
		},
		"SwimBackward": {
			"Animations": [
				{
					"Animation": "NPC/Livestock/Sheep/Animations/Swim/Swim_Backward.blockyanim",
					"Speed": 2
				}
			]
		},
		"SwimFast": {
			"Animations": [
				{
					"Animation": "NPC/Livestock/Sheep/Animations/Swim/Swim_Fast.blockyanim",
					"Speed": 1.5
				}
			]
		},
		"SwimJump": {
			"Animations": [
				{
					"Animation": "NPC/Livestock/Sheep/Animations/Swim/Swim_Jump.blockyanim",
					"BlendingDuration": 0.1,
					"Looping": false
				}
			]
		},
		"SwimFloat": {
			"Animations": [
				{
					"Animation": "NPC/Livestock/Sheep/Animations/Swim/Swim_Float.blockyanim"
				}
			]
		},
		"SwimSink": {
			"Animations": [
				{
					"Animation": "NPC/Livestock/Sheep/Animations/Swim/Swim_Sink.blockyanim"
				}
			]
		},
		"SwimDive": {
			"Animations": [
				{
					"Animation": "NPC/Livestock/Sheep/Animations/Swim/Swim.blockyanim",
					"Speed": 1.5
				}
			]
		},
		"SwimDiveBackward": {
			"Animations": [
				{
					"Animation": "NPC/Livestock/Sheep/Animations/Swim/Swim_Backward.blockyanim",
					"Speed": 2
				}
			]
		},
		"SwimDiveFast": {
			"Animations": [
				{
					"Animation": "NPC/Livestock/Sheep/Animations/Swim/Swim_Fast.blockyanim",
					"Speed": 1.5
				}
			]
		},
		"Swipe": {
			"Animations": [
				{
					"Animation": "NPC/Livestock/Sheep/Animations/Default/Idle.blockyanim",
					"Looping": false,
					"Speed": 1.2
				}
			]
		},
		"Throw": {
			"Animations": [
				{
					"Animation": "NPC/Livestock/Sheep/Animations/Default/Idle.blockyanim",
					"Looping": false,
					"Speed": 1.0
				}
			]
		},
		"GreetAnimation": {
			"Animations": [
				{
					"Animation": "NPC/Livestock/Sheep/Animations/Default/Idle.blockyanim",
					"Looping": false,
					"Speed": 1.0
				}
			]
		}
	},
	"RandomAttachmentSets": {
		"Fleece": {
			"Wool": {
				"Model": "NPC/Livestock/Sheep/Models/Wool_Attachment.blockymodel",
				"Texture": "NPC/Livestock/Sheep/Models/Wool_Attachment_Texture.png"
			}
		},
		"BaseColor": {
			"0": {
				"Model": "NPC/Livestock/Sheep/Models/Model.blockymodel",
				"Texture": "NPC/Livestock/Sheep/Models/Attachments/Empty.png"
			},
			"1": {
				"Model": "NPC/Livestock/Sheep/Models/Model.blockymodel",
				"Texture": "NPC/Livestock/Sheep/Models/Attachments/Base_1.png"
			},
			"2": {
				"Model": "NPC/Livestock/Sheep/Models/Model.blockymodel",
				"Texture": "NPC/Livestock/Sheep/Models/Attachments/Base_2.png"
			},
			"3": {
				"Model": "NPC/Livestock/Sheep/Models/Model.blockymodel",
				"Texture": "NPC/Livestock/Sheep/Models/Attachments/Base_3.png"
			},
			"4": {
				"Model": "NPC/Livestock/Sheep/Models/Model.blockymodel",
				"Texture": "NPC/Livestock/Sheep/Models/Attachments/Base_4.png"
			},
			"5": {
				"Model": "NPC/Livestock/Sheep/Models/Model.blockymodel",
				"Texture": "NPC/Livestock/Sheep/Models/Attachments/Base_5.png"
			},
			"6": {
				"Model": "NPC/Livestock/Sheep/Models/Model.blockymodel",
				"Texture": "NPC/Livestock/Sheep/Models/Attachments/Base_6.png"
			}
		}
	}
}