{
  "Parent": "Skeleton",
  "Texture": "NPC/NoCube_Undead_Warrior/NoCube_Undead_Warrior.png",
  "EyeHeight": 1.5,
  "DefaultAttachments": [
    {
      "Model": "Cosmetics/Shoes/BootsBasic.blockymodel",
      "Texture": "Cosmetics/Shoes/BootsBasic_Textures/Rotten_Leather.png"
    },
    {
        "Model": "NPC/Undead/Skeleton/Models/Attachments/Cosmetics/Head/Eyes/Eyes.blockymodel",
        "Texture": "NPC/NoCube_Undead_Warrior/NoCube_Undead_Warrior_Eyes_Empty.png"
    }
  ],
  "RandomAttachmentSets": {
    "Eyes": {
      "Two": {
        "Model": "NPC/Undead/Skeleton/Models/Attachments/Cosmetics/Head/Eyes/Eyes.blockymodel",
        "Texture": "NPC/NoCube_Undead_Warrior/NoCube_Undead_Warrior_Eyes.png",
        "Weight": 10
      },
      "One": {
        "Model": "NPC/Undead/Skeleton/Models/Attachments/Cosmetics/Head/Eyes/Eyes.blockymodel",
        "Texture": "NPC/NoCube_Undead_Warrior/NoCube_Undead_Warrior_Eyes_Single.png",
        "Weight": 10
      },
      "Single": {
        "Model": "NPC/Undead/Skeleton/Models/Attachments/Cosmetics/Head/Eyes/Eyes.blockymodel",
        "Texture": "NPC/NoCube_Undead_Warrior/NoCube_Undead_Warrior_Eyes_Empty.png"
      }
    },
    "Helmet": {
      "Iron": {
        "Model": "Items/Armors/Iron/Head.blockymodel",
        "Texture": "Items/Armors/Iron/Head_Texture.png"
      },
      "Empty": {
        "Model": "Items/Armors/Iron/Head.blockymodel",
        "Texture": "NPC/NoCube_Undead_Warrior/NoCube_Undead_Warrior_No_Helm.png"
      }
    },
    "Chest": {
      "Iron": {
        "Model": "Items/Armors/Iron/Chest.blockymodel",
        "Texture": "Items/Armors/Iron/Chest_Texture.png"
      },
      "Empty": {
        "Model": "Items/Armors/Iron/Chest.blockymodel",
        "Texture": "NPC/NoCube_Undead_Warrior/NoCube_Undead_Warrior_No_Chest.png"
      }
    },
    "Legs": {
      "Iron": {
        "Model": "Items/Armors/Iron/Legs.blockymodel",
        "Texture": "Items/Armors/Iron/Legs_Texture.png"
      },
      "Empty": {
        "Model": "Items/Armors/Iron/Legs.blockymodel",
        "Texture": "NPC/NoCube_Undead_Warrior/NoCube_Undead_Warrior_No_Legs.png"
      }
    }
  }
}