{
"TranslationProperties": {"Name": "server.items.NoCube_Food_Ratatouille.name"},
  "Parent": "Template_Food",
  "Quality": "Rare",
  "Icon": "Icons/ItemsGenerated/NoCube_Food_Ratatouille.png",
  "BlockType": {
    "Material": "Empty",
    "DrawType": "Model",
    "CustomModel": "Items/NoCube_Ratatouille.blockymodel",
    "CustomModelTexture": [
      {
        "Texture": "Items/NoCube_Ratatouille.png",
        "Weight": 1
      }
    ],
    "ParticleColor": "#d69f46"
  },
  "InteractionVars": {
    "Effect": {
      "Interactions": [
        {
          "Type": "ApplyEffect",
          "EffectId": "Food_Instant_Heal_T3"
        },
        "HealthRegen_TierCheck_T3",
        "Meat_TierCheck_T3"
      ]
    }
  },
  "Recipe": {
    "Input": [
      {
        "ItemId": "Plant_Crop_Aubergine_Item",
        "Quantity": 3
      },
      {
        "ItemId": "Plant_Crop_Tomato_Item",
        "Quantity": 3
      },
      {
        "ResourceTypeId": "Fuel",
        "Quantity": 3
      }
    ],
    "BenchRequirement": [
      {
        "Id": "Cookingbench",
        "Type": "Crafting",
        "Categories": [
          "Prepared"
        ]
      }
    ],
    "TimeSeconds": 1
  },
  "ItemLevel": 12,
  "MaxStack": 25,
  "DropOnDeath": true,
  "IconProperties": {
    "Scale": 0.7,
    "Rotation": [
      22.5,
      45,
      22.5
    ],
    "Translation": [
      0,
      -5
    ]
  }
}
