{
"TranslationProperties": {"Name": "server.items.NoCube_Food_Roast_Bird.name"},
  "Parent": "Template_Food",
  "Quality": "Rare",
  "Icon": "Icons/ItemsGenerated/NoCube_Food_Roast_Bird.png",
  "BlockType": {
    "Material": "Empty",
    "DrawType": "Model",
    "CustomModel": "Items/NoCube_Roast_Bird.blockymodel",
    "CustomModelTexture": [
      {
        "Texture": "Items/NoCube_Roast_Bird.png",
        "Weight": 1
      }
    ],
    "ParticleColor": "#d69f46"
  },
  "InteractionVars": {
    "Effect": {
      "Interactions": [
        {
          "Type": "ApplyEffect",
          "EffectId": "Food_Instant_Heal_T3"
        },
        "HealthRegen_TierCheck_T3",
        "Meat_TierCheck_T3"
      ]
    }
  },
  "Recipe": {
    "Input": [
      {
        "ItemId": "Food_Chicken_Raw",
        "Quantity": 2
      },
      {
        "ItemId": "Ingredient_Spices",
        "Quantity": 1
      },
      {
        "ItemId": "Ingredient_Salt",
        "Quantity": 1
      },
      {
        "ResourceTypeId": "Fuel",
        "Quantity": 3
      }
    ],
    "BenchRequirement": [
      {
        "Id": "Cookingbench",
        "Type": "Crafting",
        "Categories": [
          "Prepared"
        ]
      }
    ],
    "TimeSeconds": 1
  },
  "ItemLevel": 12,
  "MaxStack": 25,
  "DropOnDeath": true,
  "IconProperties": {
    "Scale": 0.5,
    "Rotation": [
      22.5,
      45,
      22.5
    ],
    "Translation": [
      2,
      -11
    ]
  }
}
