{
  "Interactions": {
    "Primary": "Block_Primary",
    "Secondary": "Block_Secondary"
  },
  "Recipe": {
    "Input": [
      {
        "ItemId": "Ingredient_Life_Essence",
        "Quantity": 60
      },
      {
        "ResourceTypeId": "Fruits",
        "Quantity": 10
      },
      {
        "ItemId": "NoCube_Ingredient_Tree_Fertilizer",
        "Quantity": 5
      }
    ],
    "BenchRequirement": [
      {
        "Type": "Crafting",
        "Id": "NoCube_Bench_Orchard",
        "Categories": [
          "NoCube_Bench_Orchard_Saplings"
        ],
        "RequiredTierLevel": 3
      }
    ]
  },
  "ItemLevel": 5,
  "BlockType": {
    "DrawType": "Model",
    "Opacity": "Transparent",
    "Group": "Wood",
    "Gathering": {
      "Soft": {
        "DropList": "Drops_NoCube_Fruit_Tree_Peach"
      }
    },
    "CustomModel": "Blocks/Foliage/Tree/Sapling.blockymodel",
    "CustomModelTexture": [
      {
        "Texture": "Blocks/Foliage/Tree/Sapling_Textures/NoCube_Peach.png",
        "Weight": 1
      }
    ],
    "BlockSoundSetId": "Plant",
    "Flags": {
      "IsStackable": false
    },
    "RandomRotation": "YawStep90",
    "State": {
      "Definitions": {
        "Stage1": {
          "BlockSoundSetId": "Wood",
          "CustomModel": "Blocks/Foliage/Fruit_Trees/NoCube_Fruit_Tree.blockymodel",
          "CustomModelTexture": [
            {
              "Texture": "Blocks/Foliage/Fruit_Trees/NoCube_Fruit_Tree_Peach.png",
              "Weight": 1
            }
          ],
          "Gathering": {
            "Breaking": {
              "GatherType": "Woods",
              "DropList": "Drops_NoCube_Fruit_Tree"
            }
          },
          "HitboxType": "NoCube_Fruit_Tree",
          "Effect": [
            "WindAttached"
          ]
        },
        "Stage2": {
          "BlockSoundSetId": "Wood",
          "CustomModel": "Blocks/Foliage/Fruit_Trees/NoCube_Fruit_Tree.blockymodel",
          "CustomModelTexture": [
            {
              "Texture": "Blocks/Foliage/Fruit_Trees/NoCube_Fruit_Tree_Peach_Growing.png",
              "Weight": 1
            }
          ],
          "Gathering": {
            "Breaking": {
              "GatherType": "Woods",
              "DropList": "Drops_NoCube_Fruit_Tree"
            }
          },
          "HitboxType": "NoCube_Fruit_Tree",
          "Effect": [
            "WindAttached"
          ]
        },
        "Stage3": {
          "BlockSoundSetId": "Wood",
          "CustomModel": "Blocks/Foliage/Fruit_Trees/NoCube_Fruit_Tree.blockymodel",
          "CustomModelTexture": [
            {
              "Texture": "Blocks/Foliage/Fruit_Trees/NoCube_Fruit_Tree_Peach_Growing.png",
              "Weight": 1
            }
          ],
          "Gathering": {
            "Breaking": {
              "GatherType": "Woods",
              "DropList": "Drops_NoCube_Fruit_Tree"
            }
          },
          "HitboxType": "NoCube_Fruit_Tree",
          "Effect": [
            "WindAttached"
          ]
        },
        "Stage4": {
          "InteractionHint": "server.interactionHints.NoCube_Harvest_Fruits_Peach",
          "BlockSoundSetId": "Wood",
          "CustomModel": "Blocks/Foliage/Fruit_Trees/NoCube_Fruit_Tree.blockymodel",
          "CustomModelTexture": [
            {
              "Texture": "Blocks/Foliage/Fruit_Trees/NoCube_Fruit_Tree_Peach_Ripe.png",
              "Weight": 1
            }
          ],
          "Interactions": {
            "Use": {
              "Interactions": [
                {
                  "Type": "HarvestCrop"
                }
              ]
            }
          },
          "Gathering": {
            "Harvest": {
              "DropList": "Drops_NoCube_Fruit_Tree_Peach_Ripe"
            },
            "Breaking": {
              "GatherType": "Woods",
              "DropList": "Drops_NoCube_Fruit_Tree_Peach_Harvest"
            }
          },
          "HitboxType": "NoCube_Fruit_Tree",
          "Effect": [
            "WindAttached"
          ]
        }
      }
    },
    "Farming": {
      "Stages": {
        "Default": [
          {
            "Duration": {
              "Min": 10350,
              "Max": 41400
            },
            "Type": "BlockState",
            "State": "default"
          },
          {
            "Duration": {
              "Min": 82800,
              "Max": 93500
            },
            "Type": "BlockState",
            "SoundEventId": "SFX_Crops_Grow",
            "State": "Stage1"
          },
          {
            "Duration": {
              "Min": 82800,
              "Max": 93500
            },
            "Type": "BlockState",
            "SoundEventId": "SFX_Crops_Grow",
            "State": "Stage2"
          },
          {
            "Duration": {
              "Min": 82800,
              "Max": 93500
            },
            "Type": "BlockState",
            "SoundEventId": "SFX_Crops_Grow",
            "State": "Stage3"
          },
          {
            "Type": "BlockState",
            "SoundEventId": "SFX_Crops_Grow_Stage_Complete",
            "State": "Stage4"
          }
        ],
        "Harvested": [
          {
            "Duration": {
              "Min": 82800,
              "Max": 93500
            },
            "Type": "BlockState",
            "SoundEventId": "SFX_Crops_Grow",
            "State": "Stage1"
          },
          {
            "Duration": {
              "Min": 82800,
              "Max": 93500
            },
            "Type": "BlockState",
            "SoundEventId": "SFX_Crops_Grow",
            "State": "Stage2"
          },
          {
            "Duration": {
              "Min": 82800,
              "Max": 93500
            },
            "Type": "BlockState",
            "SoundEventId": "SFX_Crops_Grow",
            "State": "Stage3"
          },
          {
            "Type": "BlockState",
            "SoundEventId": "SFX_Crops_Grow_Stage_Complete",
            "State": "Stage4"
          }
        ]
      },
      "StartingStageSet": "Default",
      "ActiveGrowthModifiers": [
        "Fertilizer",
        "Water",
        "LightLevel"
      ],
      "StageSetAfterHarvest": "Harvested"
    },
    "Support": {
      "Down": [
        {
          "TagId": "Type=Soil"
        }
      ]
    },
    "Material": "Solid",
    "HitboxType": "NoCube_Fruit_Sapling",
    "BlockParticleSetId": "Leaves",
    "CustomModelScale": 1,
    "ParticleColor": "#748518",
    "Effect": [
      "WindAttached"
    ],
    "BlockEntity": {
      "Components": {
        "FarmingBlock": {}
      }
    }
  },
  "PlayerAnimationsId": "Item",
  "Categories": [
    "Blocks.Plants"
  ],
  "IconProperties": {
    "Scale": 0.8,
    "Rotation": [
      22.5,
      45,
      22.5
    ],
    "Translation": [
      0,
      -13
    ]
  },
  "Icon": "Icons/Items/NoCube_Plant_Sapling_Peach.png",
  "Tags": {
    "Type": [
      "Plant",
      "Wood"
    ],
    "Family": [
      "Crop"
    ]
  }
}
