{
  "Type": "Abstract",
  "SpawnParticles": "Undead_Digging",
  "SpawnParticlesOffset": [
    0,
    1,
    0
  ],
  "StartState": "Search",
  "DefaultNPCAttitude": "Hostile",
  "DefaultPlayerAttitude": "Ignore",
  "Parameters": {
    "Appearance": {
      "Value": "Zombie",
      "Description": "Appearance of NPC"
    },
    "DropList": {
      "Value": "Empty",
      "Description": "Drop Items"
    },
    "AttackSequence": {
      "Value": "Component_Instruction_Attack_Sequence_Zombie",
      "Description": "The attack sequence to use in combat"
    },
    "AttackDistance": {
      "Value": 2,
      "Description": "The distance at which an NPC will execute attacks"
    },
    "AttackPauseRange": {
      "Value": [
        1,
        1
      ],
      "Description": "The range for minimum time before NPC can execute a second attack"
    },
    "MeleeDamage": {
      "Value": 15,
      "Description": "Physical damage dealt by melee attacks"
    },
    "CombatRelativeTurnSpeed": {
      "Value": 1.5,
      "Description": "Modifier that decides turn speed difference in combat"
    },
    "MaxHealth": {
      "Value": 100,
      "Description": "Max health for the NPC"
    },
    "ViewRange": {
      "Value": 20,
      "Description": "The range from which targets will be seen"
    },
    "ViewSector": {
      "Value": 100,
      "Description": "The view sector within which the target needs to be"
    },
    "HearingRange": {
      "Value": 8,
      "Description": "The range from which targets will be heard"
    },
    "IsMemory": {
      "Value": false,
      "Description": "Defines if the NPC is a memory"
    },
    "MemoriesCategory": {
      "Value": "Other",
      "Description": "Defines the category of the memory"
    },
    "MemoriesNameOverride": {
      "Value": "",
      "Description": "Overrides the memory name if set"
    },
    "NameTranslationKey": {
      "Value": "WanMine.npcRoles.Soulblight_Zombie.name",
      "Description": "Translation key for NPC name display"
    }
  },
  "IsMemory": {
    "Compute": "IsMemory"
  },
  "MemoriesCategory": {
    "Compute": "MemoriesCategory"
  },
  "MemoriesNameOverride": {
    "Compute": "MemoriesNameOverride"
  },
  "Appearance": {
    "Compute": "Appearance"
  },
  "DropList": {
    "Compute": "DropList"
  },
  "CollisionDistance": 1,
  "CollisionForceFalloff": 0.15,
  "CollisionRadius": 0.1,
  "EntityAvoidanceStrength": 0.1,
  "ApplyAvoidance": false,
  "DisableDamageGroups": [
    "Self",
    "Aggressive"
  ],
  "MotionControllerList": [
    {
      "Type": "Walk",
      "MaxWalkSpeed": 9,
      "Gravity": 10,
      "MaxFallSpeed": 15,
      "MaxRotationSpeed": 360,
      "Acceleration": 15
    }
  ],
  "MaxHealth": {
    "Compute": "MaxHealth"
  },
  "Instructions": [
    {
      "$Comment": "=== ZOMBIE BEHAVIOR: Search → Angry → Chase → Search ===",
      "Instructions": [
        {
          "Sensor": {
            "Type": "State",
            "State": "Search"
          },
          "Instructions": [
            {
              "$Comment": "Animations",
              "Continue": true,
              "Sensor": {
                "Type": "Any",
                "Once": true
              },
              "Actions": [
                {
                  "Type": "PlayAnimation",
                  "Slot": "Status",
                  "Animation": "Walk"
                }
              ]
            },
            {
              "$Comment": "DETECTION - Found enemy close by",
              "Sensor": {
                "Type": "Mob",
                "GetPlayers": false,
                "GetNPCs": true,
                "Range": 5,
                "LockOnTarget": true,
                "Filters": [
                  {
                    "Type": "NPCGroup",
                    "ExcludeGroups": [
                      "Zombie",
                      "Self"
                    ]
                  }
                ]
              },
              "Actions": [
                {
                  "Type": "State",
                  "State": "Angry"
                }
              ]
            },
            {
              "$Comment": "DETECTION - Found enemy at range with LOS",
              "Sensor": {
                "Type": "Mob",
                "GetPlayers": false,
                "GetNPCs": true,
                "Range": 20,
                "LockOnTarget": true,
                "Filters": [
                  {
                    "Type": "LineOfSight"
                  },
                  {
                    "Type": "ViewSector",
                    "ViewSector": 100
                  },
                  {
                    "Type": "NPCGroup",
                    "ExcludeGroups": [
                      "Zombie",
                      "Self"
                    ]
                  }
                ]
              },
              "Actions": [
                {
                  "Type": "State",
                  "State": "Angry"
                }
              ]
            },
            {
              "$Comment": "Respond to beacon from other zombies",
              "Continue": true,
              "Sensor": {
                "Type": "Beacon",
                "Message": "Zombie_Target",
                "Range": 80
              },
              "BodyMotion": {
                "Type": "Seek",
                "SlowDownDistance": 10,
                "StopDistance": 5,
                "RelativeSpeed": 0.6,
                "AbortDistance": 90
              }
            },
            {
              "$Comment": "Wandering behavior - search for prey",
              "Sensor": {
                "Type": "Any"
              },
              "Instructions": [
                {
                  "$Comment": "Handle blocked movement",
                  "Sensor": {
                    "Type": "Eval",
                    "Expression": "blocked"
                  },
                  "BodyMotion": {
                    "Type": "Timer",
                    "Time": [
                      1,
                      2
                    ],
                    "Motion": {
                      "Type": "Wander",
                      "MaxHeadingChange": 90,
                      "RelativeSpeed": 0.5
                    }
                  }
                },
                {
                  "$Comment": "Avoid other zombies",
                  "Sensor": {
                    "Type": "Mob",
                    "Range": 0.8,
                    "ExcludeOwnType": false,
                    "LockOnTarget": false,
                    "Filters": [
                      {
                        "Type": "NPCGroup",
                        "IncludeGroups": [
                          "Zombie"
                        ]
                      }
                    ]
                  },
                  "BodyMotion": {
                    "Type": "Wander",
                    "MaxHeadingChange": 45,
                    "RelativeSpeed": 0.4
                  }
                },
                {
                  "$Comment": "Default wandering - patrol for prey",
                  "Sensor": {
                    "Type": "Any"
                  },
                  "BodyMotion": {
                    "Type": "Sequence",
                    "Looped": true,
                    "Motions": [
                      {
                        "Type": "Timer",
                        "Time": [
                          3,
                          8
                        ],
                        "Motion": {
                          "Type": "WanderInCircle",
                          "Radius": 15,
                          "MaxHeadingChange": 60,
                          "RelativeSpeed": 0.3
                        }
                      },
                      {
                        "Type": "Timer",
                        "Time": [
                          2,
                          5
                        ],
                        "Motion": {
                          "Type": "Wander",
                          "MaxHeadingChange": 45,
                          "RelativeSpeed": 0.2
                        }
                      }
                    ]
                  }
                }
              ]
            }
          ]
        },
        {
          "Sensor": {
            "Type": "State",
            "State": "Angry"
          },
          "Instructions": [
            {
              "$Comment": "Animations and particles",
              "Continue": true,
              "Sensor": {
                "Type": "Any",
                "Once": true
              },
              "Actions": [
                {
                  "Type": "PlayAnimation",
                  "Slot": "Status",
                  "Animation": "Run"
                },
                {
                  "Type": "SpawnParticles",
                  "Offset": [
                    0,
                    2.1,
                    0
                  ],
                  "ParticleSystem": "Alerted"
                }
              ]
            },
            {
              "$Comment": "Send beacon to other zombies",
              "Continue": true,
              "Sensor": {
                "Type": "Target"
              },
              "Actions": [
                {
                  "Type": "Timeout",
                  "Delay": [
                    0.1,
                    0.3
                  ],
                  "Action": {
                    "Type": "Beacon",
                    "Message": "Zombie_Target",
                    "Range": 80,
                    "TargetGroups": [
                      "Zombie"
                    ],
                    "ExpirationTime": 2.0,
                    "SendTargetSlot": "LockedTarget"
                  }
                }
              ]
            },
            {
              "$Comment": "Close enough to attack - switch to Chase (increased range, no LOS required)",
              "Sensor": {
                "Type": "Target",
                "Range": 3
              },
              "Actions": [
                {
                  "Type": "State",
                  "State": "Chase"
                }
              ]
            },
            {
              "$Comment": "Leash component - return to Search if too far",
              "Reference": "Component_Instruction_Simple_Soft_Leash",
              "Modify": {
                "_ExportStates": [
                  "Search"
                ]
              }
            },
            {
              "$Comment": "Movement toward target",
              "Sensor": {
                "Type": "Any"
              },
              "Instructions": [
                {
                  "$Comment": "Handle blocked",
                  "Sensor": {
                    "Type": "Eval",
                    "Expression": "blocked"
                  },
                  "BodyMotion": {
                    "Type": "Timer",
                    "Time": [
                      1,
                      2
                    ],
                    "Motion": {
                      "Type": "Wander",
                      "MaxHeadingChange": 90,
                      "RelativeSpeed": 0.8
                    }
                  }
                },
                {
                  "$Comment": "Avoid other zombies",
                  "Sensor": {
                    "Type": "Mob",
                    "Range": 0.8,
                    "ExcludeOwnType": false,
                    "LockOnTarget": false,
                    "Filters": [
                      {
                        "Type": "NPCGroup",
                        "IncludeGroups": [
                          "Zombie"
                        ]
                      }
                    ]
                  },
                  "BodyMotion": {
                    "Type": "Wander",
                    "MaxHeadingChange": 45,
                    "RelativeSpeed": 0.7
                  }
                },
                {
                  "$Comment": "Seek toward target",
                  "Sensor": {
                    "Type": "Target"
                  },
                  "BodyMotion": {
                    "Type": "Seek",
                    "SlowDownDistance": 1.5,
                    "StopDistance": 1.2,
                    "RelativeSpeed": 1.0,
                    "AbortDistance": 100
                  }
                }
              ]
            },
            {
              "$Comment": "Lost target - back to Search",
              "Sensor": {
                "Type": "Not",
                "Sensor": {
                  "Type": "Mob",
                  "GetPlayers": false,
                  "GetNPCs": true,
                  "Range": 30,
                  "Filters": [
                    {
                      "Type": "NPCGroup",
                      "ExcludeGroups": [
                        "Zombie",
                        "Self"
                      ]
                    }
                  ]
                }
              },
              "Actions": [
                {
                  "Type": "Timeout",
                  "Delay": [
                    0.5,
                    1.0
                  ],
                  "Action": {
                    "Type": "State",
                    "State": "Search"
                  }
                }
              ]
            }
          ]
        },
        {
          "Sensor": {
            "Type": "State",
            "State": "Chase"
          },
          "Instructions": [
            {
              "$Comment": "Animations",
              "Continue": true,
              "Sensor": {
                "Type": "Any",
                "Once": true
              },
              "Actions": [
                {
                  "Type": "PlayAnimation",
                  "Slot": "Status",
                  "Animation": "Run"
                }
              ]
            },
            {
              "$Comment": "Attack sequence - handles combat and movement",
              "Reference": {
                "Compute": "AttackSequence"
              },
              "Interfaces": [
                "Hytale.Instruction.AttackSequence"
              ],
              "Modify": {
                "AttackDistance": {
                  "Compute": "AttackDistance + 1"
                },
                "CombatRelativeTurnSpeed": {
                  "Compute": "CombatRelativeTurnSpeed"
                }
              }
            },
            {
              "$Comment": "Target moved too far - back to Angry to chase",
              "Sensor": {
                "Type": "Not",
                "Sensor": {
                  "Type": "Target",
                  "Range": 4
                }
              },
              "Actions": [
                {
                  "Type": "State",
                  "State": "Angry"
                }
              ]
            },
            {
              "$Comment": "Lost target completely - back to Search",
              "Sensor": {
                "Type": "Not",
                "Sensor": {
                  "Type": "Target",
                  "Range": 30
                }
              },
              "Actions": [
                {
                  "Type": "Timeout",
                  "Delay": [
                    0.3,
                    0.5
                  ],
                  "Action": {
                    "Type": "State",
                    "State": "Search"
                  }
                }
              ]
            }
          ]
        }
      ]
    }
  ],
  "NameTranslationKey": {
    "Compute": "NameTranslationKey"
  }
}