{
  "Quality": "Template",
  "PlayerAnimationsId": {
    "Parent": "Item",
    "Animations": {
      "Consume": {
        "FirstPerson": "Characters/Animations/Items/Main_Handed/Item/Attacks/Drink/Drink_FPS.blockyanim",
        "ThirdPerson": "Characters/Animations/Items/Main_Handed/Item/Attacks/Drink/Drink.blockyanim",
        "Speed": 1,
        "Looping": true
      }
    }
  },
  "Categories": [
    "Items.Foods"
  ],
  "Icon": "Icons/ItemsGenerated/NoCube_Template_Drink.png",
  "IconProperties": {
    "Scale": 0.8,
    "Rotation": [
      22.5,
      278,
      328
    ],
    "Translation": [
      0,
      -9
    ]
  },
  "Interactions": {
    "Primary": "Block_Primary",
    "Secondary": "Root_Secondary_Consume_Potion"
  },
  "InteractionVars": {
    "RemoveEffect": {
      "Interactions": [
        {
          "Type": "Simple"
        }
      ]
    },
    "Effect": {
      "Interactions": [
        {
          "Type": "Serial",
          "Interactions": [
            {
              "Type": "ApplyEffect",
              "EffectId": "NoCube_Beer_Buff"
            }
          ]
        }
      ]
    },
    "ConsumeSFX": {
      "Interactions": [
        {
          "Type": "Simple",
          "RunTime": 0,
          "Effects": {
            "LocalSoundEventId": "SFX_Health_Potion_Low_Drink",
            "ClearSoundEventOnFinish": true
          }
        }
      ]
    },
    "ConsumedSFX": {
      "Interactions": [
        {
          "Type": "Simple"
        }
      ]
    }
  },
  "Utility": {
    "Compatible": false
  },
  "BlockType": {
    "BlockSoundSetId": "Wood",
    "CustomModel": "Items/Consumables/Drink/NoCube_Ale.blockymodel",
    "CustomModelTexture": [
      {
        "Texture": "Items/Consumables/Drink/NoCube_Ale.png",
        "Weight": 1
      }
    ],
    "CustomModelScale": 0.5,
    "DrawType": "Model",
    "Flags": {
      "IsUsable": true
    },
    "Gathering": {
      "Harvest": {},
      "Soft": {}
    },
    "HitboxType": "Potion",
    "Material": "Empty",
    "Particles": [
      {
        "SystemId": "NoCube_Beer_Bubbles",
        "Scale": 0.6
      }
    ],
    "RandomRotation": "YawStep1",
    "Opacity": "Transparent",
    "Support": {
      "Down": [
        {
          "FaceType": "Full"
        }
      ]
    }
  },
  "Consumable": true,
  "Tags": {
    "Type": [
      "Food"
    ]
  },
  "Scale": 2,
  "MaxStack": 25
}
