{
  "Parent": "NoCube_Template_Drink",
  "Icon": "Icons/ItemsGenerated/NoCube_Drink_Wine.png",
  "BlockType": {
    "CustomModelTexture": [
      {
        "Texture": "Items/Consumables/Drink/NoCube_Wine.png",
        "Weight": 1
      }
    ],
    "Particles": [
      {
        "SystemId": "NoCube_Wine_Bubbles",
        "Scale": 0.6
      }
    ]
  },
  "Recipe": {
    "Input": [
      {
        "ItemId": "NoCube_Ingredient_Wort_Rough_Wine",
        "Quantity": 1
      }
    ],
    "BenchRequirement": [
      {
        "Id": "NoCube_Bench_Keg",
        "Type": "Processing"
      }
    ],
    "TimeSeconds": 10
  },
  "InteractionVars": {
    "Effect": {
      "Interactions": [
        {
          "Type": "Serial",
          "Interactions": [
            {
              "Type": "ApplyEffect",
              "EffectId": "NoCube_Wine_Buff"
            }
          ]
        }
      ]
    }
  },
  "IconProperties": {
    "Scale": 0.8,
    "Rotation": [
      22.5,
      278,
      328
    ],
    "Translation": [
      0,
      -9
    ]
  }
}
