{
  "Container": {
    "Type": "Multiple",
    "Containers": [
      {
        "Type": "Single",
        "Item": {
          "ItemId": "NoCube_Plant_Crop_Hops_Item",
          "QuantityMin": 1,
          "QuantityMax": 3
        }
      },
      {
        "Type": "Single",
        "Item": {
          "ItemId": "NoCube_Plant_Crop_Hops_Item",
          "QuantityMin": 1,
          "QuantityMax": 1
        },
        "Weight": 3.0
      },
      {
        "Type": "Single",
        "Item": {
          "ItemId": "Ingredient_Life_Essence",
          "QuantityMin": 1,
          "QuantityMax": 2
        },
        "Weight": 5
      }
    ]
  }
}
