{
  "TranslationProperties": {
    "Name": "server.items.NoCube_Plant_Crop_Hops_Wall.name",
    "Description": "server.items.NoCube_Plant_Crop_Hops_Wall.description"
  },
  "Interactions": {
    "Primary": "Block_Primary",
    "Secondary": "Block_Secondary"
  },
  "ItemLevel": 1,
  "Recipe": {
    "Input": [
      {
        "ItemId": "Ingredient_Life_Essence",
        "Quantity": 20
      },
      {
        "ItemId": "Ingredient_Fibre",
        "Quantity": 20
      }
    ],
    "BenchRequirement": [
      {
        "Type": "Crafting",
        "Id": "Farmingbench",
        "Categories": [
          "Saplings"
        ]
      },
      {
        "Type": "Crafting",
        "Id": "NoCube_Bench_Brewing_Cauldron",
        "Categories": [
          "NoCube_Bench_Brewing_Cauldron_Equipment"
        ]
      }
    ]
  },
  "BlockType": {
    "DrawType": "Model",
    "Opacity": "Transparent",
    "CustomModel": "Blocks/Foliage/Plants/NoCube_Hops_Plant.blockymodel",
    "CustomModelTexture": [
      {
        "Texture": "Blocks/Foliage/Plants/NoCube_Hops_Plant.png",
        "Weight": 1
      }
    ],
    "Flags": {
      "IsStackable": false
    },
    "State": {
      "Definitions": {
        "Stage1": {
          "CustomModel": "Blocks/Foliage/Plants/NoCube_Hops_Plant.blockymodel",
          "CustomModelTexture": [
            {
              "Texture": "Blocks/Foliage/Plants/NoCube_Hops_Plant.png",
              "Weight": 1
            }
          ],
          "Gathering": {
            "Soft": {
              "DropList": "NoCube_Drops_Hops"
            }
          }
        },
        "Stage2": {
          "CustomModel": "Blocks/Foliage/Plants/NoCube_Hops_Plant.blockymodel",
          "CustomModelTexture": [
            {
              "Texture": "Blocks/Foliage/Plants/NoCube_Hops_Plant.png",
              "Weight": 1
            }
          ],
          "Gathering": {
            "Soft": {
              "DropList": "NoCube_Drops_Hops"
            }
          }
        },
        "StageFinal": {
          "CustomModel": "Blocks/Foliage/Plants/NoCube_Hops_Plant.blockymodel",
          "CustomModelTexture": [
            {
              "Texture": "Blocks/Foliage/Plants/NoCube_Hops_Plant_Ripe.png",
              "Weight": 1
            }
          ],
          "InteractionHint": "interactionHints.harvest",
          "Interactions": {
            "Use": {
              "Interactions": [
                {
                  "Type": "HarvestCrop"
                }
              ]
            }
          },
          "Gathering": {
            "Harvest": {
              "DropList": "NoCube_Drops_Hops_Harvest"
            },
            "Soft": {
              "DropList": "NoCube_Drops_Hops"
            }
          }
        }
      }
    },
    "Farming": {
      "Stages": {
        "Default": [
          {
            "Duration": {
              "Min": 9600,
              "Max": 11400
            },
            "Type": "BlockState",
            "State": "default"
          },
          {
            "Duration": {
              "Min": 28800,
              "Max": 30600
            },
            "Type": "BlockState",
            "SoundEventId": "SFX_Crops_Grow",
            "State": "Stage1"
          },
          {
            "Duration": {
              "Min": 28800,
              "Max": 30600
            },
            "Type": "BlockState",
            "SoundEventId": "SFX_Crops_Grow",
            "State": "Stage2"
          },
          {
            "Type": "BlockState",
            "SoundEventId": "SFX_Crops_Grow_Stage_Complete",
            "State": "StageFinal"
          }
        ],
        "Harvested": [
          {
            "Duration": {
              "Min": 28800,
              "Max": 30600
            },
            "Type": "BlockState",
            "SoundEventId": "SFX_Crops_Grow",
            "State": "Stage1"
          },
          {
            "Duration": {
              "Min": 28800,
              "Max": 30600
            },
            "Type": "BlockState",
            "SoundEventId": "SFX_Crops_Grow",
            "State": "Stage2"
          },
          {
            "Type": "BlockState",
            "SoundEventId": "SFX_Crops_Grow_Stage_Complete",
            "State": "StageFinal"
          }
        ]
      },
      "StartingStageSet": "Default",
      "ActiveGrowthModifiers": [
        "Fertilizer",
        "Water",
        "LightLevel"
      ],
      "StageSetAfterHarvest": "Harvested"
    },
    "Gathering": {
      "Soft": {
        "DropList": "NoCube_Drops_Hops"
      }
    },
    "Support": {
      "North": [
        {
          "FaceType": "Full"
        }
      ],
      "Up": [
        {
          "TagId": "Family=Vine"
        }
      ]
    },
    "VariantRotation": "NESW",
    "Material": "Empty",
    "HitboxType": "Ladder",
    "BlockParticleSetId": "Leaves",
    "BlockSoundSetId": "Seeds",
    "ParticleColor": "#245820",
    "CustomModelScale": 1,
    "BlockEntity": {
      "Components": {
        "FarmingBlock": {}
      }
    }
  },
  "PlayerAnimationsId": "Item",
  "Categories": [
    "Blocks.Plants"
  ],
  "IconProperties": {
    "Scale": 0.5,
    "Rotation": [
      22.5,
      45,
      22.5
    ],
    "Translation": [
      10,
      -8
    ]
  },
  "Icon": "Icons/ItemsGenerated/NoCube_Plant_Crop_Hops_Wall.png",
  "Tags": {
    "Type": [
      "Plant"
    ],
    "Family": [
      "Crop"
    ]
  },
  "ItemSoundSetId": "ISS_Items_Foliage"
}
