{
  "Type": "Serial",
  "Interactions": [
    {
      "Type": "ApplyEffect",
      "EffectId": "Stamina_Broken_Immune"
    },
    {
      "Type": "ChangeStat",
      "StatModifiers": {
        "Stamina": -2
      },
      "Effects": {
        "ItemAnimationId": "GuardBash",
        "WorldSoundEventId": "SFX_Mace_T1_Shove",
        "LocalSoundEventId": "SFX_Mace_T1_Shove_Local"
      },
      "RunTime": 0.167,
      "Next": {
        "Type": "ChangeStat",
        "Behaviour": "Set",
        "StatModifiers": {
          "StaminaRegenDelay": -2
        },
        "Next": {
          "Type": "Replace",
          "Var": "Guard_Bash_Selector",
          "DefaultOk": true,
          "DefaultValue": {
            "Interactions": [
              "Weapon_Maelstrom_Secondary_Guard_Bash_Selector"
            ]
          }
        }
      }
    }
  ]
}
