{
  "Type": "Simple",
  "Effects": {
    "ItemAnimationId": "SwingLeftCharged",
    "CameraEffect": "Mace_Swing_Horizontal",
    "WorldSoundEventId": "SFX_Mace_T2_Swing_Charged",
    "LocalSoundEventId": "SFX_Mace_T2_Swing_Charged_RL_Local"
  },
  "RunTime": 0.083,
  "Next": {
    "Type": "Selector",
    "RunTime": 0.25,
    "Effects": {
      "Trails": [
        {
          "TrailId": "Small_Charged",
          "TargetEntityPart": "PrimaryItem",
          "TargetNodeName": "Anchor",
          "PositionOffset": {
            "Y": 0.9,
            "X": -0.2,
            "Z": 0
          },
          "RotationOffset": {
            "Yaw": 0,
            "Roll": 65
          }
        },
        {
          "TrailId": "Small_Charged",
          "TargetEntityPart": "PrimaryItem",
          "TargetNodeName": "Anchor",
          "PositionOffset": {
            "Z": 0,
            "Y": 0,
            "X": 0.5
          }
        },
        {
          "TrailId": "Small_Charged",
          "TargetEntityPart": "PrimaryItem",
          "TargetNodeName": "Anchor",
          "PositionOffset": {
            "Y": -0.9,
            "X": -0.2,
            "Z": 0
          },
          "RotationOffset": {
            "Yaw": 0,
            "Roll": -65
          }
        }
      ]
    },
    "Selector": {
      "Id": "Horizontal",
      "Direction": "ToLeft",
      "TestLineOfSight": false,
      "ExtendTop": 0.75,
      "ExtendBottom": 0.75,
      "StartDistance": 0.1,
      "EndDistance": 3,
      "Length": 180,
      "RollOffset": 0,
      "YawStartOffset": -90
    },
    "HitBlock": {
      "Interactions": [
        "Block_Break_Adventure"
      ]
    },
    "HitEntity": {
      "Interactions": [
        {
          "Type": "Replace",
          "Var": "Swing_Left_Charged_Damage",
          "DefaultOk": true,
          "DefaultValue": {
            "Interactions": [
              "Weapon_Maelstrom_Primary_Swing_Left_Charged_Damage"
            ]
          }
        }
      ]
    },
    "Next": {
      "Type": "Simple",
      "$Comment": "Pad the interaction length",
      "RunTime": 0.25
    }
  }
}
