{
  "Container": {
    "Type": "Choice",
    "Containers": [
      {
        "Type": "Multiple",
        "Containers": [
          {
            "Type": "Single",
            "Item": {
              "QuantityMin": 1,
              "QuantityMax": 2,
              "ItemId": "Plant_Petals_Pink"
            }
          },
          {
            "Type": "Single",
            "Item": {
              "ItemId": "Plant_Petals_Purple",
              "QuantityMax": 2,
              "QuantityMin": 1
            }
          }
        ]
      },
      {
        "Type": "Single",
        "Item": {
          "ItemId": "Plant_Petals_Purple",
          "QuantityMin": 2,
          "QuantityMax": 4
        }
      }
    ]
  }
}
