{
  "TranslationProperties": {
    "Name": "server.items.NoCube_Food_Herb_Bread.name",
    "Description": "server.items.NoCube_Food_Herb_Bread.description"
  },
  "Parent": "Template_Food",
  "Quality": "Legendary",
  "ItemLevel": 30,
  "Categories": [
    "Items.Foods"
  ],
  "Icon": "Icons/ItemsGenerated/NoCube_Food_Herb_Bread.png",
  "BlockType": {
    "Material": "Empty",
    "DrawType": "Model",
    "Opacity": "Semitransparent",
    "CustomModel": "Items/Consumables/Food/NoCube_Herb_Bread.blockymodel",
    "CustomModelTexture": [
      {
        "Texture": "Items/Consumables/Food/NoCube_Herb_Bread.png",
        "Weight": 1
      }
    ],
    "HitboxType": "Food_Medium",
    "RandomRotation": "YawStep1",
    "Gathering": {
      "Harvest": {},
      "Soft": {}
    },
    "CustomModelScale": 0.7,
    "BlockParticleSetId": "Dust",
    "ParticleColor": "#e4cb69"
  },
  "$Comment": "[TMP] Updated for tiered food buff system - Bread (15% instant heal, no buff)",
  "InteractionVars": {
    "Effect": {
      "Interactions": [
        {
          "Type": "ApplyEffect",
          "EffectId": "NoCube_Herb_Bread_Buff"
        }
      ]
    }
  },
  "Recipe": {
    "Input": [
      {
        "ItemId": "Ingredient_Dough",
        "Quantity": 1
      },
      {
        "ResourceTypeId": "Flowers",
        "Quantity": 3
      },
      {
        "ItemId": "Ingredient_Spices",
        "Quantity": 1
      },
      {
        "ResourceTypeId": "Fuel",
        "Quantity": 3
      }
    ],
    "BenchRequirement": [
      {
        "Type": "Crafting",
        "RequiredTierLevel": 3,
        "Id": "NoCube_Bakers_Oven",
        "Categories": [
          "NoCube_Bakers_Oven_Bread"
        ]
      }
    ],
    "TimeSeconds": 0
  },
  "Scale": 1.5,
  "MaxStack": 25,
  "DropOnDeath": true,
  "IconProperties": {
    "Scale": 0.9,
    "Rotation": [
      22.5,
      45,
      22.5
    ],
    "Translation": [
      0,
      -6
    ]
  }
}
