{
  "TranslationProperties": {
    "Name": "server.items.NoCube_Tool_Watering_Can_Thorium.name",
    "Description": "server.items.Tool_Watering_Can.description"
  },
  "Categories": [
    "Items.Tools"
  ],
  "ItemLevel": 3,
  "Recipe": {
    "Input": [
      {
        "ItemId": "Ingredient_Bar_Thorium",
        "Quantity": 3
      }
    ],
    "BenchRequirement": [
      {
        "Type": "Crafting",
        "Categories": [
          "Farming"
        ],
        "Id": "Farmingbench",
        "RequiredTierLevel": 3
      }
    ]
  },
  "Quality": "Uncommon",
  "Tool": {},
  "PlayerAnimationsId": "Watering_Can",
  "IconProperties": {
    "Scale": 0.55,
    "Rotation": [
      45,
      60,
      0
    ],
    "Translation": [
      -11.4,
      -10.8
    ]
  },
  "Texture": "Items/NoCube_Watering_Can_Thorium.png",
  "Model": "Items/Tools/Watering_Can/Watering_Can_Empty.blockymodel",
  "Icon": "Icons/ItemsGenerated/NoCube_Tool_Watering_Can_Thorium.png",
  "Interactions": {
    "Primary": "Watering_Can_Fill",
    "Secondary": "Watering_Can_Fill"
  },
  "State": {
    "Filled_Water": {
      "Variant": true,
      "TranslationProperties": {
        "Name": "server.items.NoCube_Tool_Watering_Can_Thorium_Full.name"
      },
      "$Comment": "FOLLOWING PROPERTIES DUPLICATED BECAUSE OF SERVER BUG",
      "Recipe": null,
      "Quality": "Common",
      "ItemLevel": 2,
      "Tool": {},
      "PlayerAnimationsId": "Watering_Can",
      "IconProperties": {
        "Scale": 0.55,
        "Translation": [
          -11.4,
          -10.8
        ],
        "Rotation": [
          45,
          60,
          0
        ]
      },
      "Texture": "Items/NoCube_Watering_Can_Thorium.png",
      "Model": "Items/Tools/Watering_Can/Watering_Can.blockymodel",
      "Icon": "Icons/ItemsGenerated/NoCube_Tool_Watering_Can_Thorium_Full.png",
      "Interactions": {
        "Primary": {
          "Interactions": [
            {
              "Parent": "Watering_Can_Fill",
              "Failed": "NoCube_Watering_Can_Thorium_Use"
            }
          ]
        },
        "Secondary": {
          "Interactions": [
            {
              "Parent": "Watering_Can_Fill",
              "Failed": "NoCube_Watering_Can_Thorium_Use"
            }
          ]
        }
      },
      "MaxDurability": 40,
      "DurabilityLossOnHit": 1,
      "Weapon": {}
    }
  },
  "Tags": {
    "Type": [
      "Tool"
    ]
  },
  "Weapon": {},
  "ItemSoundSetId": "ISS_Items_Metal"
}
