{
  "TranslationProperties": {
    "Name": "server.items.NoCube_Tool_Fertilizer_Bone.name",
    "Description": "server.items.NoCube_Tool_Fertilizer_Bone.description"
  },
  "PlayerAnimationsId": "Block",
  "Categories": [
    "Items.Tools"
  ],
  "Quality": "Rare",
  "MaxStack": 1,
  "Recipe": {
    "Input": [
      {
        "ItemId": "Deco_Bone_Pile",
        "Quantity": 2
      },
      {
        "ItemId": "Ingredient_Tree_Sap",
        "Quantity": 1
      }
    ],
    "BenchRequirement": [
      {
        "Type": "Crafting",
        "Categories": [
          "Farming"
        ],
        "Id": "Farmingbench",
        "RequiredTierLevel": 2
      }
    ]
  },
  "IconProperties": {
    "Scale": 0.5,
    "Rotation": [
      22.5,
      45,
      22.5
    ],
    "Translation": [
      0,
      -15
    ]
  },
  "Interactions": {
    "Secondary": "Fertilizer_Use"
  },
  "MaxDurability": 15,
  "BlockType": {
    "BlockParticleSetId": "Dust",
    "BlockSoundSetId": "Cloth",
    "CustomModelTexture": [
      {
        "Weight": 1,
        "Texture": "Items/NoCube_Fertilizer_Bone.png"
      }
    ],
    "DrawType": "Model",
    "Flags": {
      "IsUsable": true
    },
    "Gathering": {
      "Soft": {}
    },
    "HitboxType": "Plant_Full",
    "Material": "Solid",
    "Opacity": "Transparent",
    "Support": {
      "Down": [
        {
          "FaceType": "Full"
        }
      ]
    },
    "CustomModel": "Items/Tools/Feedbag/Feedbag.blockymodel"
  },
  "Model": "Items/Tools/Feedbag/Feedbag.blockymodel",
  "Texture": "Items/NoCube_Fertilizer_Bone.png",
  "Scale": 1.2,
  "Icon": "Icons/ItemsGenerated/NoCube_Tool_Fertilizer_Bone.png",
  "Tags": {
    "Type": [
      "Tool"
    ]
  },
  "Tool": {},
  "ItemLevel": 20,
  "ItemSoundSetId": "ISS_Items_Cloth"
}
