{
  "Parent": "NoCube_Bag_Potion",
  "Icon": "Icons/Items/NoCube_Bag_Soil.png",
  "Texture": "Items/NoCube_Bag_Soil.png",
  "Container": {
    "Capacity": 27,
    "ItemTag": "Type=Soil"
  },
  "Recipe": {
    "Input": [
      {
        "ItemId": "Ingredient_Fabric_Scrap_Linen",
        "Quantity": 10
      },
      {
        "ItemId": "Ingredient_Hide_Medium",
        "Quantity": 2
      },
      {
        "ItemId": "Soil_Dirt",
        "Quantity": 2
      }
    ],
    "BenchRequirement": [
      {
        "Type": "Crafting",
        "Id": "Workbench",
        "Categories": [
          "Workbench_Tinkering"
        ]
      }
    ]
  },
  "IconProperties": {
    "Scale": 1,
    "Rotation": [
      335,
      128,
      30
    ],
    "Translation": [
      1,
      -8
    ]
  }
}
