{
  "Parent": "NoCube_Bag_Potion_Greater",
  "Icon": "Icons/Items/NoCube_Bag_Plant_Greater.png",
  "Texture": "Items/NoCube_Bag_Plant.png",
  "Container": {
    "Capacity": 36,
    "ItemTag": "Type=Plant"
  },
  "Recipe": {
    "Input": [
      {
        "ItemId": "Ingredient_Fabric_Scrap_Linen",
        "Quantity": 20
      },
      {
        "ItemId": "Ingredient_Hide_Heavy",
        "Quantity": 2
      },
      {
        "ResourceTypeId": "Fruits",
        "Quantity": 2
      }
    ],
    "BenchRequirement": [
      {
        "Type": "Crafting",
        "Id": "Workbench",
        "Categories": [
          "Workbench_Tinkering"
        ]
      }
    ]
  },
  "IconProperties": {
    "Scale": 1,
    "Rotation": [
      22.5,
      45,
      22.5
    ],
    "Translation": [
      0,
      -8
    ]
  }
}
