{
  "Environments": [
    "Env_Zone1_Plains"
  ],
  "NPCs": [
    {
      "Weight": 3,
      "SpawnBlockSet": "Soil",
      "Id": "Skeleton_Fighter",
      "Flock": {
        "Size": [
          1,
          2
        ]
      }
    },
    {
      "Weight": 1,
      "SpawnBlockSet": "Soil",
      "Id": "Skeleton_Fighter_Wander",
      "Flock": {
        "Size": [
          1,
          2
        ]
      }
    },
    {
      "Weight": 3,
      "SpawnBlockSet": "Soil",
      "Id": "NoCube_Undead_Warrior",
      "Flock": {
        "Size": [
          2,
          3
        ]
      }
    }
  ],
  "DayTimeRange": [
    0,
    24
  ]
}
