{
  "Environments": [
    "Env_Zone1_Forests",
    "Env_Zone1_Mountains",
    "Env_Zone1_Autumn"
  ],
  "NPCs": [
    {
      "Weight": 4,
      "SpawnBlockSet": "Soil",
      "Id": "Skeleton_Fighter",
      "Flock": {
        "Size": [
          2,
          3
        ]
      }
    },
    {
      "Weight": 1,
      "SpawnBlockSet": "Soil",
      "Id": "Skeleton_Fighter_Wander",
      "Flock": {
        "Size": [
          2,
          3
        ]
      }
    },
    {
      "Weight": 2,
      "SpawnBlockSet": "Soil",
      "Id": "Skeleton_Burnt_Praetorian_Wander",
      "Flock": {
        "Size": [
          3,
          3
        ]
      }
    },
    {
      "Weight": 3,
      "SpawnBlockSet": "Soil",
      "Id": "NoCube_Undead_Warrior",
      "Flock": {
        "Size": [
          2,
          3
        ]
      }
    }
  ],
  "DayTimeRange": [
    0,
    24
  ]
}
