{
  "Categories": [
    "Items.Weapons"
  ],
  "Quality": "Relic",
  "ItemLevel": 60,
  "Recipe": {
    "TimeSeconds": 5,
    "KnowledgeRequired": false,
    "Input": [
      {
        "ItemId": "Ingredient_Bar_Adamantite",
        "Quantity": 27
      },
      {
        "ItemId": "Ingredient_Leather_Heavy",
        "Quantity": 10
      },
      {
        "ItemId": "Ingredient_Void_Essence",
        "Quantity": 30
      },
      {
        "ItemId": "Ingredient_Voidheart",
        "Quantity": 1
      }
    ],
    "BenchRequirement": [
      {
        "Type": "Crafting",
        "Categories": [
          "Weapon_Sword"
        ],
        "Id": "Weapon_Bench",
        "RequiredTierLevel": 3
      }
    ]
  },
  "PlayerAnimationsId": "Battleaxe",
  "Interactions": {
    "Primary": "Root_Weapon_Battleaxe_Primary",
    "Secondary": "Root_Weapon_Battleaxe_Secondary_Guard",
    "Ability1": "Root_Weapon_Battleaxe_Signature_Whirlwind"
  },
  "IconProperties": {
    "Scale": 0.21,
    "Rotation": [
      45,
      90,
      0
    ],
    "Translation": [
      -63,
      -63
    ]
  },
  "Model": "Items/Weapons/Battleaxe/God_Slayer.blockymodel",
  "Texture": "Items/Weapons/Battleaxe/God_Slayer.png",
  "DroppedItemAnimation": "Items/Animations/Dropped/Dropped_Diagonal_Left.blockyanim",
  "MaxDurability": 250,
  "DurabilityLossOnHit": 0.52,
  "Tags": {
    "Type": [
      "Weapon"
    ],
    "Family": [
      "Soulblight"
    ]
  },
  "ItemSoundSetId": "ISS_Weapons_Blade_Large",
  "Reticle": "DefaultMelee",
  "Weapon": {
    "EntityStatsToClear": [
      "SignatureEnergy"
    ],
    "StatModifiers": {
      "SignatureEnergy": [
        {
          "Amount": 35,
          "CalculationType": "Additive"
        }
      ]
    }
  },
  "TranslationProperties": {
    "Name": "wanmine.items.Weapon_Battleaxe_God_Slayer.name",
    "Description": "wanmine.items.Weapon_Battleaxe_God_Slayer.description"
  },
  "Trails": [
    {
      "TrailId": "Wind",
      "TargetEntityPart": "PrimaryItem",
      "TargetNodeName": "Blade",
      "PositionOffset": {
        "Y": 0,
        "X": 1
      },
      "RotationOffset": {
        "Roll": -90
      }
    }
  ],
  "MaxStack": 1,
  "UsePlayerAnimations": true,
  "InteractionVars": {
    "Swing_Down_Damage": {
      "Interactions": [
        {
          "Parent": "Weapon_Battleaxe_Primary_Swing_Down_Damage",
          "DamageCalculator": {
            "BaseDamage": {
              "Physical": 61
            }
          },
          "EntityStatsOnHit": [
            {
              "EntityStatId": "SignatureEnergy",
              "Amount": 6
            }
          ],
          "DamageEffects": {
            "WorldSoundEventId": "SFX_Battleaxe_T2_Impact",
            "LocalSoundEventId": "SFX_Battleaxe_T2_Impact"
          }
        }
      ]
    },
    "Swing_Down_Left_Damage": {
      "Interactions": [
        {
          "Parent": "Weapon_Battleaxe_Primary_Swing_Down_Left_Damage",
          "DamageCalculator": {
            "BaseDamage": {
              "Physical": 31
            }
          },
          "EntityStatsOnHit": [
            {
              "EntityStatId": "SignatureEnergy",
              "Amount": 6
            }
          ],
          "DamageEffects": {
            "WorldSoundEventId": "SFX_Battleaxe_T2_Impact",
            "LocalSoundEventId": "SFX_Battleaxe_T2_Impact"
          }
        }
      ]
    },
    "Swing_Down_Right_Damage": {
      "Interactions": [
        {
          "Parent": "Weapon_Battleaxe_Primary_Swing_Down_Right_Damage",
          "DamageCalculator": {
            "BaseDamage": {
              "Physical": 39
            }
          },
          "EntityStatsOnHit": [
            {
              "EntityStatId": "SignatureEnergy",
              "Amount": 6
            }
          ],
          "DamageEffects": {
            "WorldSoundEventId": "SFX_Battleaxe_T2_Impact",
            "LocalSoundEventId": "SFX_Battleaxe_T2_Impact"
          }
        }
      ]
    },
    "Downstrike_Damage": {
      "Interactions": [
        {
          "Parent": "Weapon_Battleaxe_Primary_Downstrike_Damage",
          "DamageCalculator": {
            "BaseDamage": {
              "Physical": 75
            }
          },
          "EntityStatsOnHit": [
            {
              "EntityStatId": "SignatureEnergy",
              "Amount": 10
            }
          ],
          "DamageEffects": {
            "WorldSoundEventId": "SFX_Battleaxe_T2_Impact",
            "LocalSoundEventId": "SFX_Battleaxe_T2_Impact"
          }
        }
      ]
    },
    "Signature_Whirlwind_Damage": {
      "Interactions": [
        {
          "Parent": "Weapon_Battleaxe_Signature_Whirlwind_Damage",
          "DamageCalculator": {
            "BaseDamage": {
              "Physical": 22
            }
          },
          "EntityStatsOnHit": [],
          "DamageEffects": {
            "WorldSoundEventId": "SFX_Battleaxe_T2_Impact",
            "LocalSoundEventId": "SFX_Battleaxe_T2_Impact"
          }
        }
      ]
    },
    "Guard_Wield": {
      "Interactions": [
        {
          "Parent": "Weapon_Battleaxe_Secondary_Guard_Wield",
          "StaminaCost": {
            "Value": 8,
            "CostType": "Damage"
          }
        }
      ]
    }
  },
  "ItemAppearanceConditions": {
    "SignatureEnergy": [
      {
        "Condition": [
          100,
          100
        ],
        "ConditionValueType": "Percent",
        "Particles": [
          {
            "SystemId": "Sword_Signature_Ready",
            "TargetNodeName": "Handle",
            "PositionOffset": {
              "X": 0.8
            },
            "TargetEntityPart": "PrimaryItem"
          },
          {
            "SystemId": "Sword_Signature_Status_Spawn",
            "TargetNodeName": "Handle",
            "PositionOffset": {
              "X": 0.5
            },
            "TargetEntityPart": "PrimaryItem"
          },
          {
            "SystemId": "Sword_Signature_Status",
            "TargetNodeName": "Handle",
            "PositionOffset": {
              "X": 0.5
            },
            "TargetEntityPart": "PrimaryItem"
          }
        ]
      }
    ]
  },
  "Icon": "Icons/ItemsGenerated/WanMine_God_Slayer_Battleaxe.png",
  "Scale": 1.1
}