{
  "Container": {
    "Type": "Multiple",
    "Containers": [
      {
        "Type": "Single",
        "Item": {
          "ItemId": "NoCube_Plant_Fruit_Plum",
          "QuantityMin": 1,
          "QuantityMax": 2
        }
      },
      {
        "Type": "Single",
        "Item": {
          "ItemId": "Ingredient_Life_Essence",
          "QuantityMin": 1,
          "QuantityMax": 1
        }
      },
            {
        "Type": "Single",
        "Item": {
          "ItemId": "Ingredient_Stick",
          "QuantityMin": 2,
          "QuantityMax": 3
        }
      },
	  {
        "Type": "Single",
        "Item": {
          "ItemId": "Ingredient_Fibre",
          "QuantityMin": 2,
          "QuantityMax": 3
        }
      }
    ]
  }
}
