{
  "TranslationProperties": {
    "Name": "server.items.NoCube_Ingredient_Tree_Fertilizer.name"
  },
  "PlayerAnimationsId": "Block",
  "Categories": [
    "Items.Potions"
  ],
  "Quality": "Common",
  "IconProperties": {
    "Scale": 0.5,
    "Rotation": [
      22.5,
      45,
      22.5
    ],
    "Translation": [
      0,
      -15
    ]
  },
  "Recipe": {
    "Input": [
      {
        "ResourceTypeId": "Soils",
        "Quantity": 3
      },
      {
        "ItemId": "Ingredient_Fibre",
        "Quantity": 3
      },
      {
        "ItemId": "Ingredient_Poop",
        "Quantity": 1
      }
    ],
    "BenchRequirement": [
      {
        "Type": "Crafting",
        "Id": "NoCube_Bench_Orchard",
        "Categories": [
          "NoCube_Bench_Orchard_Main"
        ]
      }
    ]
  },
  "BlockType": {
    "BlockParticleSetId": "Grass",
    "BlockSoundSetId": "Cloth",
    "CustomModelTexture": [
      {
        "Weight": 1,
        "Texture": "Items/NoCube_Tree_Fertilizer.png"
      }
    ],
    "DrawType": "Model",
    "Gathering": {
      "Soft": {}
    },
    "HitboxType": "Plant_Full",
    "Material": "Solid",
    "Opacity": "Transparent",
    "Support": {
      "Down": [
        {
          "FaceType": "Full"
        }
      ]
    },
    "CustomModel": "Items/Tools/Feedbag/Feedbag.blockymodel",
    "ParticleColor": "#63652b"
  },
  "Model": "Items/Tools/Feedbag/Feedbag.blockymodel",
  "Texture": "Items/Tools/Feedbag/Feedbag_Texture.png",
  "Icon": "Icons/ItemsGenerated/NoCube_Ingredient_Tree_Fertilizer.png",
  "Scale": 1.2,
  "Tags": {
    "Type": [
      "Tool"
    ]
  },
  "Tool": {},
  "ItemSoundSetId": "ISS_Weapons_Wood",
  "MaxStack": 100
}
