{
  "TranslationProperties": {
    "Description": "",
    "Name": "items.Violet_Painting_Mona_Kweesa.name"
  },
  "PlayerAnimationsId": "Block",
  "Categories": [
    "Blocks.Structural"
  ],
  "Set": "Furniture_Temple_Light",
  "Recipe": {
    "Input": [
      {
        "ItemId": "Ingredient_Stick",
        "Quantity": 3
      },
      {
        "ItemId": "Ingredient_Fibre",
        "Quantity": 6
      },
      {
        "ItemId": "Plant_Petals_Green",
        "Quantity": 1
      },
      {
        "ItemId": "Plant_Petals_Yellow",
        "Quantity": 1
      }
    ],
    "BenchRequirement": [
      {
        "Type": "Crafting",
        "Id": "Bench_Violet",
        "Categories": [
          "Violet_All",
          "Violet_Wall_Decor"
        ]
      }
    ]
  },
  "IconProperties": {
    "Scale": 0.44,
    "Rotation": [
      19.0,
      23.0,
      22.5
    ],
    "Translation": [
      26.0,
      -26.0
    ]
  },
  "BlockType": {
    "BlockParticleSetId": "Stone",
    "BlockSoundSetId": "Cloth",
    "CustomModel": "Blocks/Furniture/Painting/Painting_2x2_Portrait.blockymodel",
    "CustomModelTexture": [
      {
        "Texture": "Blocks/Furniture/Painting/Painting_2x2_Mona_Kweesa.png",
        "Weight": 1
      }
    ],
    "DrawType": "Model",
    "Flags": {},
    "Gathering": {
      "Breaking": {
        "GatherType": "Woods"
      }
    },
    "HitboxType": "Painting2x2_Portrait",
    "Material": "Solid",
    "Opacity": "Transparent",
    "Support": {
      "North": [
        {
          "FaceType": "Full"
        }
      ]
    },
    "VariantRotation": "NESW",
    "ParticleColor": "#cecece",
    "CustomModelAnimation": "Blocks/Furniture/Banner/Banner_Idle.blockyanim",
    "Looping": true,
    "PlacementSettings": {
      "BlockPreviewVisibility": "AlwaysVisible",
      "AllowRotationKey": true
    }
  },
  "Icon": "Icons/ItemsGenerated/Violet_Painting_Mona_Kweesa.png",
  "Tags": {
    "Type": [
      "Furniture"
    ],
    "Family": [
      "Kweebec"
    ]
  },
  "ItemSoundSetId": "ISS_Blocks_Soft",
  "Scale": 1.0,
  "UsePlayerAnimations": false
}
