{
  "QualityValue": 5,
  "ItemTooltipTexture": "UI/ItemQualities/Tooltips/ItemTooltipDefault.png",
  "ItemTooltipArrowTexture": "UI/ItemQualities/Tooltips/ItemTooltipDefaultArrow.png",
  "SlotTexture": "UI/ItemQualities/Slots/SlotDefault.png",
  "BlockSlotTexture": "UI/ItemQualities/Slots/SlotDefault.png",
  "TextColor": "#95b836",
  "LocalizationKey": "general.qualities.Violet_Furniture_Customisable",
  "VisibleQualityLabel": true,
  "RenderSpecialSlot": true,
  "ItemEntityConfig": {
    "ParticleSystemId": "Drop_Legendary"
  },
  "SpecialSlotTexture": "UI/ItemQualities/Slots/SlotDefault.png"
}
