{
  "TranslationProperties": {
    "Name": "items.Violet_Dresser_Contemporary.name",
    "Description": "items.Violet_Desc_Customisable.description"
  },
  "PlayerAnimationsId": "Block",
  "Categories": [
    "Furniture.Containers"
  ],
  "Set": "Furniture_Village",
  "Icon": "Icons/ItemsGenerated/Violet_Dresser_Contemporary_Green.png",
  "IconProperties": {
    "Scale": 0.5,
    "Rotation": [
      22.5,
      45.0,
      22.5
    ],
    "Translation": [
      1.0,
      -15.0
    ]
  },
  "Recipe": {
    "Input": [
      {
        "ResourceTypeId": "Wood_All",
        "Quantity": 2
      },
      {
        "ItemId": "Ingredient_Bar_Iron",
        "Quantity": 1
      }
    ]
  },
  "BlockType": {
    "BlockParticleSetId": "Wood",
    "BlockSoundSetId": "Wood",
    "CustomModel": "Blocks/Furniture/Contemporary/Dresser/Dresser.blockymodel",
    "CustomModelTexture": [
      {
        "Texture": "Blocks/Furniture/Contemporary/Dresser/Dresser_Green.png",
        "Weight": 1
      }
    ],
    "DrawType": "Model",
    "Flags": {
      "IsUsable": true
    },
    "Gathering": {
      "Breaking": {
        "GatherType": "Woods"
      }
    },
    "HitboxType": "Chest_Small",
    "Material": "Solid",
    "ParticleColor": "#c78741",
    "State": {
      "Id": "container",
      "Definitions": {
        "CloseWindow": {
          "InteractionSoundEventId": "SFX_Chest_Wooden_Close",
          "CustomModelAnimation": "Blocks/Animations/Wardrobe/Wardrobe_Close.blockyanim"
        },
        "OpenWindow": {
          "InteractionSoundEventId": "SFX_Chest_Wooden_Open",
          "CustomModelAnimation": "Blocks/Animations/Wardrobe/Wardrobe_Open.blockyanim"
        }
      }
    },
    "Support": {
      "Down": [
        {
          "FaceType": "Full"
        }
      ]
    },
    "VariantRotation": "NESW",
    "Interactions": {
      "Primary": "Break_Container",
      "Use": "Open_Container"
    },
    "Supporting": {
      "Up": [
        {
          "FaceType": "Full"
        }
      ]
    }
  },
  "ResourceTypes": [
    {
      "Id": "Fuel"
    },
    {
      "Id": "Charcoal"
    }
  ],
  "Tags": {
    "Type": [
      "Furniture"
    ],
    "Family": [
      "Village"
    ]
  },
  "Scale": 0.8,
  "ItemSoundSetId": "ISS_Blocks_Wood",
  "Quality": "Violet_Furniture_Customisable"
}
