{
  "Type": "Selector",
  "RunTime": 0.05,
  "Effects": {
    "Trails": [
      {
        "PositionOffset": {
          "X": 1.3,
          "Y": 0,
          "Z": 0
        },
        "TargetNodeName": "Handle",
        "TrailId": "Medium_Sword_Basic",
        "RotationOffset": {
          "Roll": 90.0
        }
      },
      {
        "PositionOffset": {
          "X": 1.7,
          "Y": 0,
          "Z": 0
        },
        "TargetNodeName": "Handle",
        "TrailId": "Sword_Distortion",
        "RotationOffset": {
          "Roll": 90.0
        }
      }
    ],
    "CameraEffect": "Sword_Swing_Diagonal_Right"
  },
  "Selector": {
    "Id": "Horizontal",
    "Direction": "ToLeft",
    "TestLineOfSight": false,
    "ExtendTop": 0.5,
    "ExtendBottom": 0.5,
    "StartDistance": 0.1,
    "EndDistance": 2.75,
    "Length": 90,
    "RollOffset": -40,
    "YawStartOffset": -60
  },
  "HitBlock": {
    "Interactions": [
      {
        "Type": "Replace",
        "Var": "Swing_Up_Hit_Block",
        "DefaultOk": true,
        "DefaultValue": {
          "Interactions": [
            "Block_Break_Adventure"
          ]
        }
      }
    ]
  },
  "HitEntity": {
    "Interactions": [
      {
        "Type": "Replace",
        "Var": "Swing_Up_Damage",
        "DefaultOk": true,
        "DefaultValue": {
          "Interactions": [
            "Weapon_Soulblight_Primary_Swing_Up_Damage"
          ]
        }
      }
    ]
  },
  "Next": {
    "Type": "Simple",
    "$Comment": "Pad the interaction length",
    "RunTime": 0.167
  }
}