{
  "TranslationProperties": {
    "Name": "items.Violet_Wardrobe_Contemporary.name",
    "Description": "items.Violet_Desc_Customisable.description"
  },
  "PlayerAnimationsId": "Block",
  "Categories": [
    "Furniture.Containers"
  ],
  "Set": "",
  "Icon": "Icons/ItemsGenerated/Violet_Wardrobe_Contemporary_White.png",
  "IconProperties": {
    "Scale": 0.36,
    "Rotation": [
      22.5,
      45,
      22.5
    ],
    "Translation": [
      13.8,
      -22.8
    ]
  },
  "Recipe": {
    "BenchRequirement": [
      {
        "Type": "Crafting",
        "Id": "Bench_Violet",
        "Categories": [
          "Violet_All",
          "Violet_Containers"
        ]
      }
    ],
    "Input": [
      {
        "Quantity": 12,
        "ItemId": "Wood_Softwood_Planks"
      },
      {
        "ItemId": "Ingredient_Bar_Iron",
        "Quantity": 2
      }
    ]
  },
  "BlockType": {
    "BlockParticleSetId": "Wood",
    "BlockSoundSetId": "Wood",
    "CustomModel": "Blocks/Furniture/Contemporary/Wardrobe/Wardrobe.blockymodel",
    "CustomModelTexture": [
      {
        "Texture": "Blocks/Furniture/Contemporary/Wardrobe/Wardrobe_White.png",
        "Weight": 1
      }
    ],
    "DrawType": "Model",
    "Flags": {
      "IsUsable": true
    },
    "Gathering": {
      "Breaking": {
        "GatherType": "Woods"
      }
    },
    "HitboxType": "Wardrobe",
    "Material": "Solid",
    "ParticleColor": "#c78741",
    "State": {
      "Id": "container",
      "Definitions": {
        "CloseWindow": {
          "InteractionSoundEventId": "SFX_Chest_Wooden_Close",
          "CustomModelAnimation": "Blocks/Animations/Wardrobe/Wardrobe_Close.blockyanim"
        },
        "OpenWindow": {
          "InteractionSoundEventId": "SFX_Chest_Wooden_Open",
          "CustomModelAnimation": "Blocks/Animations/Wardrobe/Wardrobe_Open.blockyanim"
        }
      },
      "Capacity": 45
    },
    "Support": {
      "Down": [
        {
          "FaceType": "Full"
        }
      ]
    },
    "VariantRotation": "NESW",
    "Interactions": {
      "Primary": "Break_Container",
      "Use": "Open_Container"
    },
    "Supporting": {
      "Up": [
        {
          "FaceType": "Full"
        }
      ]
    }
  },
  "ResourceTypes": [
    {
      "Id": "Fuel"
    },
    {
      "Id": "Charcoal"
    }
  ],
  "Tags": {
    "Type": [
      "Furniture"
    ],
    "Family": [
      "Village"
    ]
  },
  "Scale": 0.8,
  "ItemSoundSetId": "ISS_Blocks_Wood",
  "Quality": "Violet_Furniture_Customisable"
}
