{
  "Categories": [
    "Items.Weapons"
  ],
  "Quality": "Relic",
  "ItemLevel": 60,
  "Recipe": {
    "TimeSeconds": 5,
    "KnowledgeRequired": false,
    "Input": [
      {
        "ItemId": "Ingredient_Bar_Adamantite",
        "Quantity": 27
      },
      {
        "ItemId": "Ingredient_Leather_Heavy",
        "Quantity": 10
      },
      {
        "ItemId": "Ingredient_Void_Essence",
        "Quantity": 30
      },
      {
        "ItemId": "Ingredient_Voidheart",
        "Quantity": 1
      }
    ],
    "BenchRequirement": [
      {
        "Type": "Crafting",
        "Categories": [
          "Weapon_Sword"
        ],
        "Id": "Weapon_Bench",
        "RequiredTierLevel": 3
      }
    ]
  },
  "PlayerAnimationsId": "Longsword",
  "Interactions": {
    "Primary": "Root_Weapon_Soulblight_Primary",
    "Secondary": "Root_Weapon_Soulblight_Secondary_Guard",
    "Ability1": "Root_Weapon_Soulblight_Signature_Summon_Burn"
  },
  "IconProperties": {
    "Scale": 0.31,
    "Rotation": [
      45,
      90,
      0
    ],
    "Translation": [
      -46,
      -45
    ]
  },
  "Model": "Items/Weapons/Longsword/Soulblight_Longsword.blockymodel",
  "Texture": "Items/Weapons/Longsword/Soulblight_Longsword_V1.png",
  "Icon": "Icons/ItemsGenerated/WanMine_Soulblight_Longsword_V1.png",
  "DroppedItemAnimation": "Items/Animations/Dropped/Dropped_Diagonal_Left.blockyanim",
  "MaxDurability": 180,
  "DurabilityLossOnHit": 0.52,
  "Tags": {
    "Type": [
      "Weapon"
    ],
    "Family": [
      "Soulblight"
    ]
  },
  "ItemSoundSetId": "ISS_Weapons_Blade_Large",
  "Reticle": "DefaultMelee",
  "Light": {
    "Color": "#300",
    "Radius": 1
  },
  "Weapon": {
    "EntityStatsToClear": [
      "SignatureEnergy"
    ],
    "StatModifiers": {
      "SignatureEnergy": [
        {
          "Amount": 35,
          "CalculationType": "Additive"
        }
      ]
    }
  },
  "TranslationProperties": {
    "Name": "wanmine.items.Weapon_Longsword_Soulblight.name",
    "Description": "wanmine.items.Weapon_Longsword_Soulblight.description"
  },
  "Trails": [
    {
      "TrailId": "Wind",
      "TargetEntityPart": "PrimaryItem",
      "TargetNodeName": "Blade",
      "PositionOffset": {
        "X": 0.1,
        "Y": 1
      }
    }
  ],
  "MaxStack": 1,
  "UsePlayerAnimations": true,
  "InteractionVars": {
    "Weapon_Soulblight_Primary_Stab_Damage": {
      "Interactions": [
        {
          "parent": "Weapon_Soulblight_Primary_Stab_Damage",
          "DamageCalculator": {
            "BaseDamage": {
              "Physical": 125
            }
          },
          "Parent": "Weapon_Soulblight_Primary_Stab_Damage"
        }
      ]
    },
    "Weapon_Soulblight_Primary_Swing_Down_Damage": {
      "Interactions": [
        {
          "parent": "Weapon_Soulblight_Primary_Swing_Down_Damage",
          "DamageCalculator": {
            "BaseDamage": {
              "Physical": 98
            }
          },
          "Parent": "Weapon_Soulblight_Primary_Swing_Down_Damage"
        }
      ]
    },
    "Weapon_Soulblight_Primary_Swing_Left_Damage": {
      "Interactions": [
        {
          "parent": "Weapon_Soulblight_Primary_Swing_Left_Damage",
          "DamageCalculator": {
            "BaseDamage": {
              "Physical": 98
            }
          },
          "Parent": "Weapon_Soulblight_Primary_Swing_Left_Damage"
        }
      ]
    },
    "Weapon_Soulblight_Primary_Swing_Right_Damage": {
      "Interactions": [
        {
          "parent": "Weapon_Soulblight_Primary_Swing_Right_Damage",
          "DamageCalculator": {
            "BaseDamage": {
              "Physical": 98
            }
          },
          "Parent": "Weapon_Soulblight_Primary_Swing_Right_Damage"
        }
      ]
    },
    "Weapon_Soulblight_Primary_Swing_Up_Damage": {
      "Interactions": [
        {
          "parent": "Weapon_Soulblight_Primary_Swing_Up_Damage",
          "DamageCalculator": {
            "BaseDamage": {
              "Physical": 98
            }
          },
          "Parent": "Weapon_Soulblight_Primary_Swing_Up_Damage"
        }
      ]
    }
  },
  "ItemAppearanceConditions": {
    "SignatureEnergy": [
      {
        "Condition": [
          100,
          100
        ],
        "ConditionValueType": "Percent",
        "Particles": [
          {
            "SystemId": "Sword_Signature_Ready",
            "TargetNodeName": "Handle",
            "PositionOffset": {
              "X": 0.8
            },
            "TargetEntityPart": "PrimaryItem"
          },
          {
            "SystemId": "Sword_Signature_Status_Spawn",
            "TargetNodeName": "Handle",
            "PositionOffset": {
              "X": 0.5
            },
            "TargetEntityPart": "PrimaryItem"
          },
          {
            "SystemId": "Sword_Signature_Status",
            "TargetNodeName": "Handle",
            "PositionOffset": {
              "X": 0.5
            },
            "TargetEntityPart": "PrimaryItem"
          }
        ]
      }
    ]
  }
}
