{
  "TranslationProperties": {
    "Name": "server.items.NoCube_Plant_Crop_Hops_Item.name"
  },
  "Parent": "Template_Crop_Item",
  "Quality": "Uncommon",
  "Icon": "Icons/ItemsGenerated/NoCube_Plant_Crop_Hops_Item.png",
  "PlayerAnimationsId": "Item",
  "Categories": [
    "Items.Ingredients"
  ],
  "IconProperties": {
    "Scale": 1,
    "Rotation": [
      22.5,
      34,
      22.5
    ],
    "Translation": [
      0,
      -3
    ]
  },
  "BlockType": {
    "DrawType": "Model",
    "HitboxType": "Plant_Small",
    "Opacity": "Semitransparent",
    "CustomModel": "Items/Ingredients/NoCube_Hops.blockymodel",
    "CustomModelTexture": [
      {
        "Texture": "Items/Ingredients/NoCube_Hops.png",
        "Weight": 1
      }
    ],
    "Flags": {
      "IsStackable": false
    },
    "RandomRotation": "YawStep1",
    "Gathering": {
      "Soft": {}
    },
    "BlockParticleSetId": "Leaves",
    "BlockSoundSetId": "Plant",
    "ParticleColor": "#85d140",
    "CustomModelScale": 1
  },
  "Texture": "Items/Ingredients/NoCube_Hops.png",
  "Model": "Items/Ingredients/NoCube_Hops.blockymodel",
  "Tags": {
    "Type": [
      "Plant"
    ],
    "Family": [
      "Crop"
    ]
  },
  "ItemEntity": {
    "ParticleSystemId": null
  },
  "Consumable": false
}
