{
  "TranslationProperties": {
    "Name": "items.Bench_Violet.name",
    "Description": "items.Bench_Violet.description"
  },
  "Recipe": {
    "TimeSeconds": 4,
    "Input": [
      {
        "Quantity": 6,
        "ResourceTypeId": "Wood_All"
      },
      {
        "ItemId": "Plant_Petals_Purple",
        "Quantity": 2
      },
      {
        "ItemId": "Ingredient_Bar_Iron",
        "Quantity": 2
      }
    ],
    "BenchRequirement": [
      {
        "Type": "Crafting",
        "Categories": [
          "Workbench_Crafting"
        ],
        "Id": "Workbench"
      }
    ]
  },
  "Icon": "Icons/ItemsGenerated/Bench_Violet.png",
  "Categories": [
    "Furniture.Benches"
  ],
  "BlockType": {
    "Material": "Solid",
    "DrawType": "Model",
    "Opacity": "Semitransparent",
    "CustomModel": "Blocks/Bench/Bench_Violet.blockymodel",
    "CustomModelTexture": [
      {
        "Texture": "Blocks/Bench/Bench_Violet.png",
        "Weight": 1
      }
    ],
    "HitboxType": "Bench_Workbench",
    "VariantRotation": "NESW",
    "Bench": {
      "Type": "Crafting",
      "LocalOpenSoundEventId": "SFX_Workbench_Open",
      "LocalCloseSoundEventId": "SFX_Workbench_Close",
      "CompletedSoundEventId": "SFX_Workbench_Craft",
      "FailedSoundEventId": "SFX_Furnace_Bench_Processing_Failed",
      "Id": "Bench_Violet",
      "Categories": [
        {
          "Name": "benchCategories.violet.all",
          "Id": "Violet_All",
          "Icon": "Icons/CraftingCategories/All.png"
        },
        {
          "Id": "Violet_Seating",
          "Icon": "Icons/CraftingCategories/Seating.png",
          "Name": "benchCategories.violet.seating"
        },
        {
          "Id": "Violet_Surfaces",
          "Icon": "Icons/CraftingCategories/Surfaces.png",
          "Name": "benchCategories.violet.surfaces"
        },
        {
          "Id": "Violet_Containers",
          "Icon": "Icons/CraftingCategories/Containers.png",
          "Name": "benchCategories.violet.containers"
        },
        {
          "Id": "Violet_Beds",
          "Icon": "Icons/CraftingCategories/Beds.png",
          "Name": "benchCategories.violet.beds"
        },
        {
          "Id": "Violet_Lighting",
          "Icon": "Icons/CraftingCategories/Lighting.png",
          "Name": "benchCategories.violet.lighting"
        },
        {
          "Id": "Violet_Decor",
          "Icon": "Icons/CraftingCategories/Decor.png",
          "Name": "benchCategories.violet.decor"
        },
        {
          "Id": "Violet_Wall_Decor",
          "Icon": "Icons/CraftingCategories/Artwork.png",
          "Name": "benchCategories.violet.artwork"
        }
      ]
    },
    "State": {
      "Id": "crafting",
      "Definitions": {
        "CraftCompleted": {
          "CustomModelAnimation": "Blocks/Benches/Carpenter_Crafting.blockyanim"
        }
      }
    },
    "Gathering": {
      "Breaking": {
        "GatherType": "Benches"
      }
    },
    "BlockParticleSetId": "Wood",
    "ParticleColor": "#6b472f",
    "Support": {
      "Down": [
        {
          "FaceType": "Full"
        }
      ]
    },
    "BlockSoundSetId": "Wood"
  },
  "PlayerAnimationsId": "Block",
  "IconProperties": {
    "Scale": 0.4,
    "Rotation": [
      22.5,
      45,
      22.5
    ],
    "Translation": [
      11.4,
      -14
    ]
  },
  "Tags": {
    "Type": [
      "Bench"
    ]
  },
  "MaxStack": 1,
  "ItemSoundSetId": "ISS_Blocks_Wood",
  "Model": "Blocks/Bench/Bench_Violet.blockymodel"
}
