{
  "TranslationProperties": {
    "Name": "items.Violet_Lamp_Contemporary.name",
    "Description": "items.Violet_Desc_Customisable.description"
  },
  "PlayerAnimationsId": "Torch",
  "Categories": [
    "Furniture.Lighting"
  ],
  "Set": "Furniture_Jungle",
  "Icon": "Icons/ItemsGenerated/Violet_Lamp_Contemporary_Pink.png",
  "IconProperties": {
    "Scale": 0.7,
    "Rotation": [
      22.5,
      45.0,
      22.5
    ],
    "Translation": [
      0.0,
      -14.0
    ]
  },
  "Interactions": {
    "Primary": "Root_Unarmed_Swing_Left",
    "Secondary": "Block_Secondary"
  },
  "InteractionVars": {
    "Torch_Swing_Left_Effect": "Torch_Swing_Left_Effect",
    "Torch_Swing_Right_Effect": "Torch_Swing_Right_Effect",
    "Torch_Swing_Left_Damage": "Torch_Swing_Left_Damage",
    "Torch_Swing_Right_Damage": "Torch_Swing_Right_Damage"
  },
  "BlockType": {
    "DrawType": "Model",
    "BlockSoundSetId": "Torch",
    "Opacity": "Transparent",
    "CustomModel": "Blocks/Furniture/Contemporary/Lamp/Lamp.blockymodel",
    "CustomModelTexture": [
      {
        "Weight": 1,
        "Texture": "Blocks/Furniture/Contemporary/Lamp/Lamp_Pink.png"
      }
    ],
    "Light": {
      "Radius": 0,
      "Color": "#978"
    },
    "Flags": {},
    "RandomRotation": "None",
    "Gathering": {
      "Soft": {
        "IsWeaponBreakable": false
      }
    },
    "BlockParticleSetId": "Wood",
    "Support": {
      "Down": [
        {
          "FaceType": "Full"
        },
        {
          "FaceType": "Branch"
        },
        {
          "FaceType": "Rock_Beam"
        },
        {
          "FaceType": "Wood_Beam"
        },
        {
          "FaceType": "Fence"
        },
        {
          "FaceType": "Fence_Corner"
        },
        {
          "FaceType": "Wall"
        },
        {
          "FaceType": "Wall_Corner"
        }
      ]
    },
    "HitboxType": "Beam",
    "MovementSettings": {},
    "Material": "Solid",
    "InteractionHint": "interactionHints.turnoff",
    "Interactions": {
      "Use": {
        "Interactions": [
          {
            "Type": "ChangeState",
            "Changes": {
              "default": "Off",
              "On": "Off",
              "Off": "On"
            }
          }
        ]
      }
    },
    "State": {
      "Definitions": {
        "On": {
          "InteractionSoundEventId": "SFX_Lamp_On"
        },
        "Off": {
          "InteractionHint": "interactionHints.turnon",
          "Light": null,
          "Particles": null,
          "InteractionSoundEventId": "SFX_Lamp_Off",
          "AmbientSoundEventId": null,
          "CustomModelAnimation": "Blocks/Animations/Light/Light_Off.blockyanim"
        }
      }
    },
    "Looping": true,
    "ParticleColor": "#bd9c60",
    "CustomModelAnimation": "Blocks/Animations/Light/Light_On.blockyanim",
    "VariantRotation": "NESW"
  },
  "ResourceTypes": [
    {
      "Id": "Fuel"
    },
    {
      "Id": "Charcoal"
    }
  ],
  "Scale": 1.5,
  "Utility": {
    "Usable": true
  },
  "Tags": {
    "Type": [
      "Furniture"
    ],
    "Family": [
      "Jungle"
    ]
  },
  "ItemSoundSetId": "ISS_Blocks_Soft",
  "Quality": "Violet_Furniture_Customisable",
  "Recipe": {
    "Input": [
      {
        "ResourceTypeId": "Wood_All",
        "Quantity": 1
      },
      {
        "ItemId": "Ingredient_Bolt_Wool",
        "Quantity": 2
      },
      {
        "ResourceTypeId": "",
        "Quantity": 1,
        "ItemId": "Furniture_Crude_Torch"
      }
    ]
  }
}
