{
  "Animations": {
    "CastSummon": {
      "ThirdPerson": "Characters/Animations/Items/Dual_Handed/Soulblight/Ability/Cast_Summon.blockyanim"
    },
    "Guard_Bash": {
      "ThirdPerson": "Characters/Animations/Items/Dual_Handed/Soulblight/Ability/Guard_Bash_Twohanded.blockyanim",
      "ThirdPersonMoving": "Characters/Animations/Items/Dual_Handed/Soulblight/Ability/Guard_Bash_Moving_Twohanded.blockyanim"
    }
  },
  "WiggleWeights": {
    "Pitch": 1.5,
    "PitchDeceleration": 0.15,
    "Roll": 0.1,
    "RollDeceleration": 0.15,
    "X": 2,
    "XDeceleration": 0.15,
    "Y": 0.1,
    "YDeceleration": 0.15,
    "Z": 0.1,
    "ZDeceleration": 0.15
  }
}