{
  "Icon": "Icons/ItemsGenerated/Violet_Chair_Antique_Green.png",
  "IconProperties": {
    "Scale": 0.55,
    "Rotation": [
      22.5,
      45,
      22.5
    ],
    "Translation": [
      0,
      -18
    ]
  },
  "Quality": "Violet_Furniture_Customisable",
  "Parent": "Violet_Chair_Antique_White",
  "BlockType": {
    "CustomModelTexture": [
      {
        "Texture": "Blocks/Furniture/Antique/Chair/Antique_Chair_Green.png",
        "Weight": 1
      }
    ],
    "DrawType": "Model",
    "Group": "Wood"
  }
}
