{
  "TranslationProperties": {
    "Name": "items.Violet_Chair_Antique.name"
  },
  "PlayerAnimationsId": "Block",
  "Categories": [
    "Furniture.Furniture"
  ],
  "Set": "Furniture_Tavern",
  "Icon": "Icons/ItemsGenerated/Violet_Chair_Antique_White.png",
  "Interactions": {
    "Primary": "Block_Primary",
    "Secondary": "Block_Secondary"
  },
  "Recipe": {
    "BenchRequirement": [
      {
        "Type": "Crafting",
        "Id": "Bench_Violet",
        "Categories": [
          "Violet_All",
          "Violet_Seating"
        ]
      }
    ],
    "Input": [
      {
        "ItemId": "Wood_Hardwood_Planks",
        "Quantity": 4
      },
      {
        "ItemId": "Ingredient_Fibre",
        "Quantity": 6
      }
    ]
  },
  "BlockType": {
    "BlockParticleSetId": "Wood",
    "CustomModel": "Blocks/Furniture/Antique/Chair/Chair.blockymodel",
    "CustomModelTexture": [
      {
        "Texture": "Blocks/Furniture/Antique/Chair/Antique_Chair_White.png",
        "Weight": 1
      }
    ],
    "DrawType": "Model",
    "Flags": {},
    "Gathering": {
      "Breaking": {
        "GatherType": "Woods"
      }
    },
    "Group": "Wood",
    "HitboxType": "Chair_Small",
    "Material": "Solid",
    "Opacity": "Transparent",
    "ParticleColor": "#c78741",
    "Support": {
      "Down": [
        {
          "FaceType": "Full"
        }
      ]
    },
    "Seats": [
      {
        "Offset": {
          "X": 0,
          "Y": 0,
          "Z": 0.15
        },
        "Yaw": 0
      }
    ],
    "Interactions": {
      "Use": "Block_Seat"
    },
    "VariantRotation": "NESW",
    "BlockSoundSetId": "Wood"
  },
  "Model": "Blocks/Decorative_Sets/Tavern/Table.blockymodel",
  "Texture": "Blocks/Decorative_Sets/Tavern/Chair_Texture.png",
  "ResourceTypes": [
    {
      "Id": "Fuel"
    },
    {
      "Id": "Charcoal"
    }
  ],
  "Tags": {
    "Type": [
      "Furniture"
    ],
    "Family": [
      "Tavern"
    ]
  },
  "ItemSoundSetId": "ISS_Blocks_Wood",
  "IconProperties": {
    "Scale": 0.55,
    "Rotation": [
      22.5,
      45,
      22.5
    ],
    "Translation": [
      0,
      -18
    ]
  },
  "Quality": "Violet_Furniture_Customisable"
}
