{
  "Type": "ChangeStat",
  "StatModifiers": {
    "Stamina": -2
  },
  "Effects": {
    "ItemAnimationId": "Guard_Bash",
    "ItemPlayerAnimationsId": "Soulblight",
    "WorldSoundEventId": "SFX_Light_Melee_T1_Shove",
    "LocalSoundEventId": "SFX_Sword_T1_Shove_Local"
  },
  "RunTime": 0.167,
  "Next": {
    "Type": "Replace",
    "Var": "Guard_Bash_Selector",
    "DefaultOk": true,
    "DefaultValue": {
      "Interactions": [
        "Weapon_Soulblight_Secondary_Guard_Bash_Selector"
      ]
    }
  }
}
