{
  "Type": "Selector",
  "$Comment": "Length of Combat",
  "RunTime": 0.083,
  "Effects": {
    "CameraEffect": "Sword_Bash",
    "Particles": [
      {
        "SystemId": "Sword_Bash",
        "TargetEntityPart": "PrimaryItem",
        "TargetNodeName": "Handle",
        "PositionOffset": {
          "X": 0.2,
          "Y": 0,
          "Z": 0
        },
        "RotationOffset": {
          "Pitch": 0,
          "Roll": 0
        }
      }
    ]
  },
  "Selector": {
    "Id": "Stab",
    "TestLineOfSight": false,
    "ExtendTop": 0.5,
    "ExtendLeft": 0.5,
    "ExtendRight": 0.5,
    "ExtendBottom": 0.5,
    "StartDistance": 0,
    "EndDistance": 2.5
  },
  "HitBlock": {
    "Interactions": [
      "Block_Break_Adventure"
    ]
  },
  "HitEntity": {
    "Interactions": [
      {
        "Type": "Replace",
        "Var": "Guard_Bash_Damage",
        "DefaultOk": true,
        "DefaultValue": {
          "Interactions": [
            "Weapon_Soulblight_Secondary_Guard_Bash_Damage"
          ]
        }
      }
    ]
  },
  "Next": {
    "Type": "Simple",
    "RunTime": 0.333
  }
}
