{
  "Parent": "Furniture_Tavern_Window",
  "TranslationProperties": {
    "Name": "items.NoCube_Furniture_Tavern_Window_Green.name"
  },
  "ItemLevel": 4,
  "BlockType": {
    "CustomModelTexture": [
      {
        "Texture": "Blocks/Furniture/NoCube_Tavern_Window_Blue.png"
      }
    ]
  },
  "Recipe": {
    "Input": [
      {
        "ResourceTypeId": "Wood_Trunk"
      }
    ],
    "Output": [
      {
        "ItemId": "NoCube_Furniture_Tavern_Window_Blue",
        "Quantity": 2
      }
    ],
    "BenchRequirement": [
      {
        "Type": "Crafting",
        "Id": "NoCube_Bench_Brewing_Cauldron",
        "Categories": [
          "NoCube_Bench_Brewing_Cauldron_Deco"
        ]
      }
    ]
  },
  "Icon": "Icons/ItemsGenerated/NoCube_Furniture_Tavern_Window_Blue.png",
  "IconProperties": {
    "Scale": 0.58823,
    "Rotation": [
      22.5,
      45,
      22.5
    ],
    "Translation": [
      0,
      -13.5
    ]
  }
}
