{
  "Parent": "Furniture_Tavern_Window",
  "TranslationProperties": {
    "Name": "items.NoCube_Furniture_Tavern_Window_Lit.name",
    "Description": "items.NoCube_Furniture_Tavern_Window_Lit.description"
  },
  "ItemLevel": 3,
  "Recipe": {
    "Input": [
      {
        "ResourceTypeId": "Wood_Trunk"
      },
      {
        "ItemId": "Furniture_Crude_Torch",
        "Quantity": 1
      }
    ],
    "Output": [
      {
        "ItemId": "NoCube_Furniture_Tavern_Window_Lit",
        "Quantity": 2
      }
    ],
    "BenchRequirement": [
      {
        "Type": "Crafting",
        "Id": "NoCube_Bench_Brewing_Cauldron",
        "Categories": [
          "NoCube_Bench_Brewing_Cauldron_Deco"
        ]
      }
    ]
  },
  "BlockType": {
    "Light": {
      "Color": "#a60",
      "Radius": 0
    }
  }
}
