{
  "Icon": "Icons/ItemsGenerated/NoCube_Furniture_Tavern_Counter.png",
  "TranslationProperties": {
    "Name": "server.items.NoCube_Furniture_Tavern_Counter.name"
  },
  "Recipe": {
    "Input": [
      {
        "ResourceTypeId": "Wood_Trunk",
        "Quantity": 2
      }
    ],
    "BenchRequirement": [
      {
        "Type": "Crafting",
        "Id": "NoCube_Bench_Brewing_Cauldron",
        "Categories": [
          "NoCube_Bench_Brewing_Cauldron_Deco"
        ]
      }
    ]
  },
  "ItemLevel": 1,
  "BlockType": {
    "CustomModel": "Blocks/Furniture/NoCube_Tavern_Counter.blockymodel",
    "CustomModelTexture": [
      {
        "Texture": "Blocks/Furniture/NoCube_Tavern_Counter.png",
        "Weight": 1
      }
    ],
    "Gathering": {
      "Breaking": {
        "ItemId": "NoCube_Furniture_Tavern_Counter",
        "GatherType": "Woods"
      }
    },
    "HitboxType": "NoCube_Tavern_Counter",
    "VariantRotation": "NESW",
    "BlockParticleSetId": "Wood",
    "BlockSoundSetId": "Wood",
    "ParticleColor": "#8c5e41",
    "Supporting": {
      "Up": [
        {}
      ]
    },
    "State": {
      "Definitions": {
        "Corner": {
          "CustomModelTexture": [
            {
              "Texture": "Blocks/Furniture/NoCube_Tavern_Counter.png",
              "Weight": 1
            }
          ],
          "CustomModel": "Blocks/Furniture/NoCube_Tavern_Counter_Corner.blockymodel",
          "Gathering": {
            "Breaking": {
              "ItemId": "NoCube_Furniture_Tavern_Counter",
              "GatherType": "Woods"
            }
          }
        }
      }
    },
    "ConnectedBlockRuleSet": {
      "Type": "CustomTemplate",
      "TemplateShapeBlockPatterns": {
        "Straight": "NoCube_Furniture_Tavern_Counter",
        "Corner": "*NoCube_Furniture_Tavern_Counter_State_Definitions_Corner"
      },
      "TemplateShapeAssetId": "WallConnectedBlockTemplate"
    }
  },
  "Tags": {
    "Type": [
      "Furniture"
    ],
    "Family": [
      "Tavern"
    ]
  },
  "Parent": "Rock_Stone_Cobble_Wall",
  "IconProperties": {
    "Scale": 0.5,
    "Rotation": [
      22.5,
      45,
      22.5
    ],
    "Translation": [
      0,
      -16
    ]
  }
}
