{
  "Type": "Variant",
  "Reference": "Template_Animal_Neutral",
  "Modify": {
    "Appearance": "Chicken",
    "FlockArray": [
      "Chicken",
      "Chicken_Chick"
    ],
    "LovedItems": [
      "Plant_Crop_Corn_Item"
    ],
    "DropList": "Drop_Chicken",
    "MaxHealth": 29,
    "MaxSpeed": 5,
    "AlertedActionRange": 4,
    "AbsoluteDetectionRange": 1.5,
    "ChanceToTurnFriendly": 20,
    "ChanceToTurnFriendlyWithAttractiveItem": 70,
    "WeightGreet": 1,
    "WeightFollowItem": 100,
    "WeightFollow": 20,
    "WeightIgnore": 20,
    "ProduceItem": "Food_Egg",
    "IsHarvestable": true,
    "HarvestDropList": "Drop_Chicken_Harvest",
    "HarvestInteractionContext": "Shear",
    "HarvestParticles": "Impact_Feathers_Black",
    "HarvestSound": "SFX_Chicken_Alerted",
    "HarvestTimeout": [
      "PT11H",
      "PT14H"
    ],
    "ProduceTimeout": [
      "PT18H",
      "PT48H"
    ],
    "Timid": true,
    "IsMemory": true,
    "NameTranslationKey": {
      "Compute": "NameTranslationKey"
    }
  },
  "Parameters": {
    "NameTranslationKey": {
      "Value": "server.npcRoles.Chicken.name",
      "Description": "Translation key for NPC name display"
    }
  }
}