{
  "TranslationProperties": {
    "Name": "server.items.NoCube_Bench_Quern.name",
    "Description": "server.items.NoCube_Bench_Quern.description"
  },
  "Categories": [
    "Furniture.Benches"
  ],
  "Recipe": {
    "Input": [
      {
        "ResourceTypeId": "Rock",
        "Quantity": 10
      },
      {
        "ResourceTypeId": "Wood_Trunk",
        "Quantity": 10
      },
      {
        "ItemId": "Ingredient_Stick",
        "Quantity": 1
      }
    ],
    "BenchRequirement": [
      {
        "Type": "Crafting",
        "RequiredTierLevel": 2,
        "Categories": [
          "NoCube_Bakers_Workbench_Main"
        ],
        "Id": "NoCube_Bakers_Workbench"
      }
    ]
  },
  "BlockType": {
    "Material": "Solid",
    "DrawType": "Model",
    "ParticleColor": "#6b3820",
    "Opacity": "Transparent",
    "CustomModel": "Blocks/Benches/NoCube_Quern.blockymodel",
    "CustomModelTexture": [
      {
        "Weight": 1,
        "Texture": "Blocks/Benches/NoCube_Quern.png"
      }
    ],
    "CustomModelScale": 1,
    "HitboxType": "Bench_Campfire",
    "Flags": {
      "IsStackable": false
    },
    "Bench": {
      "Type": "Processing",
      "Input": [
        {},
        {}
      ],
      "ExtraOutput": {
        "Outputs": []
      },
      "OutputSlotsCount": 4,
      "Id": "NoCube_Quern",
      "IconItem": "Bench_Campfire",
      "Icon": "Campfire.png",
      "LocalOpenSoundEventId": "SFX_Workbench_Open",
      "LocalCloseSoundEventId": "SFX_Workbench_Close",
      "EndSoundEventId": "SFX_Campfire_Processing_End",
      "FailedSoundEventId": "SFX_Campfire_Processing_Failed",
      "TierLevels": [
        {
          "UpgradeRequirement": {
            "Material": [
              {
                "ResourceTypeId": "Wood_Trunk",
                "Quantity": 10
              },
              {
                "ItemId": "Rock_Marble",
                "Quantity": 10
              }
            ],
            "TimeSeconds": 1
          },
          "CraftingTimeReductionModifier": 0.0
        },
        {
          "CraftingTimeReductionModifier": 0.2
        }
      ]
    },
    "State": {
      "Id": "processingBench",
      "Definitions": {
        "Processing": {
          "Looping": true,
          "CustomModel": "Blocks/Benches/NoCube_Quern.blockymodel",
          "CustomModelAnimation": "Blocks/Benches/NoCube_Quern_Rotate.blockyanim",
          "CustomModelTexture": [
            {
              "Weight": 1,
              "Texture": "Blocks/Benches/NoCube_Quern.png"
            }
          ],
          "Particles": [
            {
              "SystemId": "NoCube_Quern_Particles",
              "Scale": 1
            }
          ]
        },
        "ProcessCompleted": {
          "CustomModel": "Blocks/Benches/NoCube_Quern.blockymodel",
          "CustomModelAnimation": "Blocks/Benches/NoCube_Quern_Rotate.blockyanim",
          "CustomModelTexture": [
            {
              "Weight": 1,
              "Texture": "Blocks/Benches/NoCube_Quern.png"
            }
          ],
          "Looping": true,
          "Particles": [
            {
              "SystemId": "NoCube_Quern_Particles",
              "Scale": 1
            }
          ]
        }
      }
    },
    "Gathering": {
      "Breaking": {
        "GatherType": "Benches"
      }
    },
    "BlockParticleSetId": "Stone",
    "Support": {
      "Down": [
        {
          "FaceType": "Full"
        }
      ]
    },
    "BlockSoundSetId": "Stone",
    "VariantRotation": "NESW",
    "Looping": true,
    "Interactions": {
      "Use": "Open_Processing_Bench"
    }
  },
  "PlayerAnimationsId": "Block",
  "IconProperties": {
    "Scale": 0.58823,
    "Rotation": [
      22.5,
      45,
      22.5
    ],
    "Translation": [
      0,
      -9
    ]
  },
  "Icon": "Icons/ItemsGenerated/NoCube_Quern.png",
  "Tags": {
    "Type": [
      "Bench"
    ]
  },
  "MaxStack": 1,
  "ItemSoundSetId": "ISS_Blocks_Wood"
}
