{
  "TranslationProperties": {
    "Name": "server.items.NoCube_Bread_Peel.name",
    "Description": "server.items.NoCube_Bread_Peel.description"
  },
  "Categories": [
    "Items.Tools",
    "Items.Ingredients"
  ],
  "Set": "Tool_Stone",
  "Icon": "Icons/ItemsGenerated/NoCube_Bread_Peel.png",
  "Model": "Items/Tools/NoCube_Bread_Peel.blockymodel",
  "Texture": "Items/Tools/NoCube_Bread_Peel.png",
  "ItemLevel": 3,
  "Recipe": {
    "KnowledgeRequired": false,
    "Input": [
      {
        "ResourceTypeId": "Wood_Trunk",
        "Quantity": 2
      },
      {
        "ItemId": "Ingredient_Stick",
        "Quantity": 4
      },
      {
        "ItemId": "Ingredient_Fabric_Scrap_Linen",
        "Quantity": 1
      }
    ],
    "BenchRequirement": [
      {
        "Type": "Crafting",
        "Categories": [
          "NoCube_Bakers_Workbench_Main"
        ],
        "Id": "NoCube_Bakers_Workbench"
      }
    ]
  },
  "Tool": {
    "Specs": [
      {
        "Power": 1,
        "GatherType": "SoftBlocks"
      },
      {
        "Power": 0.4,
        "GatherType": "Soils"
      },
      {
        "Power": 0.05,
        "GatherType": "Woods"
      },
      {
        "Power": 0.05,
        "GatherType": "Rocks"
      },
      {
        "Power": 0.5,
        "GatherType": "Benches"
      },
      {
        "Power": 0.001,
        "GatherType": "DungeonBlocks"
      }
    ],
    "DurabilityLossBlockTypes": [
      {
        "BlockSets": [
          "Stone",
          "Rock",
          "Ores",
          "Soil"
        ],
        "DurabilityLossOnHit": 0
      }
    ]
  },
  "PlayerAnimationsId": "Shovel",
  "Interactions": {
    "Primary": {
      "Interactions": [
        "Shovel_Attack"
      ]
    }
  },
  "InteractionVars": {
    "Shovel_Dig_Effect": {
      "Interactions": [
        {
          "Parent": "Shovel_Dig_Effect",
          "Effects": {
            "WorldSoundEventId": "SFX_Tool_T1_Swing",
            "LocalSoundEventId": "SFX_Shovel_T1_Swing_RL_Local"
          }
        }
      ]
    },
    "Shovel_Dig_Damage": {
      "Interactions": [
        {
          "Parent": "Shovel_Dig_Damage",
          "DamageCalculator": {
            "Type": "Dps",
            "BaseDamage": {
              "Physical": 5
            }
          },
          "DamageEffects": {
            "WorldSoundEventId": "SFX_Light_Melee_T1_Impact"
          }
        }
      ]
    }
  },
  "IconProperties": {
    "Scale": 0.32,
    "Rotation": [
      0,
      180,
      315
    ],
    "Translation": [
      34,
      -36
    ]
  },
  "DroppedItemAnimation": "Items/Animations/Dropped/Dropped_Diagonal_Left.blockyanim",
  "Tags": {
    "Type": [
      "Tool",
      "Ingredient"
    ]
  },
  "ItemSoundSetId": "ISS_Weapons_Wood",
  "MaxDurability": 100.0,
  "DurabilityLossOnHit": 0
}
