{
  "TranslationProperties": {
    "Name": "server.items.NoCube_Flour_Sieve.name",
    "Description": "server.items.NoCube_Flour_Sieve.description"
  },
  "Icon": "Icons/ItemsGenerated/NoCube_Flour_Sieve.png",
  "ItemLevel": 20,
  "Quality": "Rare",
  "Categories": [
    "Items.Tools",
    "Items.Ingredients"
  ],
  "Recipe": {
    "Input": [
      {
        "ItemId": "Ingredient_Bar_Iron",
        "Quantity": 10
      },
      {
        "ItemId": "Ingredient_Bar_Silver",
        "Quantity": 10
      }
    ],
    "BenchRequirement": [
      {
        "Type": "Crafting",
        "RequiredTierLevel": 3,
        "Categories": [
          "NoCube_Bakers_Workbench_Main"
        ],
        "Id": "NoCube_Bakers_Workbench"
      }
    ]
  },
  "Interactions": {
    "Secondary": "Block_Secondary"
  },
  "PlayerAnimationsId": "Block",
  "BlockType": {
    "CustomModelScale": 0.9,
    "Material": "Solid",
    "DrawType": "Model",
    "Opacity": "Transparent",
    "CustomModel": "Items/Tools/NoCube_Flour_Sieve.blockymodel",
    "CustomModelTexture": [
      {
        "Texture": "Items/Tools/NoCube_Flour_Sieve.png",
        "Weight": 1
      }
    ],
    "Group": "Wood",
    "HitboxType": "Window",
    "VariantRotation": "NESW",
    "Flags": {},
    "Gathering": {
      "Soft": {
        "IsWeaponBreakable": false
      }
    },
    "BlockParticleSetId": "Metal",
    "ParticleColor": "#4b4b4b",
    "BlockSoundSetId": "Metal",
    "Support": {
      "Down": [
        {
          "FaceType": "Full"
        }
      ],
      "Up": [
        {
          "FaceType": "Full"
        }
      ],
      "East": [
        {
          "FaceType": "Full"
        }
      ],
      "West": [
        {
          "FaceType": "Full"
        }
      ]
    }
  },
  "IconProperties": {
    "Scale": 0.5,
    "Rotation": [
      22.5,
      45,
      22.5
    ],
    "Translation": [
      0.305,
      -6.895
    ]
  },
  "Tags": {
    "Type": [
      "Deco"
    ]
  },
  "ItemSoundSetId": "ISS_Items_Metal"
}
