{
  "TranslationProperties": {
    "Name": "server.items.NoCube_Rolling_Pin.name",
    "Description": "server.items.NoCube_Rolling_Pin.description"
  },
  "Categories": [
    "Items.Weapons",
    "Items.Tools",
    "Items.Ingredients"
  ],
  "Icon": "Icons/ItemsGenerated/NoCube_Rolling_Pin.png",
  "ItemLevel": 5,
  "Model": "Items/Tools/NoCube_Rolling_Pin.blockymodel",
  "Texture": "Items/Tools/NoCube_Rolling_Pin.png",
  "Recipe": {
    "KnowledgeRequired": false,
    "Input": [
      {
        "ResourceTypeId": "Wood_Trunk",
        "Quantity": 4
      },
      {
        "ItemId": "Ingredient_Stick",
        "Quantity": 2
      },
      {
        "ItemId": "Ingredient_Fabric_Scrap_Linen",
        "Quantity": 2
      }
    ],
    "BenchRequirement": [
      {
        "Type": "Crafting",
        "Categories": [
          "NoCube_Bakers_Workbench_Main"
        ],
        "Id": "NoCube_Bakers_Workbench"
      }
    ]
  },
  "PlayerAnimationsId": "Club",
  "Utility": {
    "Compatible": true
  },
  "Interactions": {
    "Primary": "Club_Attack"
  },
  "InteractionVars": {
    "Club_Swing_Left_Effect": {
      "Interactions": [
        {
          "Parent": "Club_Swing_Left_Effect",
          "Effects": {
            "WorldSoundEventId": "SFX_Club_Wood_Swing"
          }
        }
      ]
    },
    "Club_Swing_Left_Damage": {
      "Interactions": [
        {
          "Parent": "Club_Swing_Left_Damage",
          "DamageCalculator": {
            "Type": "Absolute",
            "BaseDamage": {
              "Physical": 4
            },
            "RandomPercentageModifier": 0.1
          },
          "DamageEffects": {
            "WorldSoundEventId": "SFX_Club_Wood_Impact"
          }
        }
      ]
    },
    "Club_Swing_Right_Effect": {
      "Interactions": [
        {
          "Parent": "Club_Swing_Right_Effect",
          "Effects": {
            "WorldSoundEventId": "SFX_Club_Wood_Swing"
          }
        }
      ]
    },
    "Club_Swing_Right_Damage": {
      "Interactions": [
        {
          "Parent": "Club_Swing_Right_Damage",
          "DamageCalculator": {
            "Type": "Absolute",
            "BaseDamage": {
              "Physical": 4
            },
            "RandomPercentageModifier": 0.1
          },
          "DamageEffects": {
            "WorldSoundEventId": "SFX_Club_Wood_Impact"
          }
        }
      ]
    }
  },
  "IconProperties": {
    "Scale": 0.4,
    "Rotation": [
      47,
      134,
      0
    ],
    "Translation": [
      -22,
      -30
    ]
  },
  "DroppedItemAnimation": "Items/Animations/Dropped/Dropped_Diagonal_Left.blockyanim",
  "ResourceTypes": [
    {
      "Id": "Salvage_Stone"
    }
  ],
  "MaxDurability": 100,
  "DurabilityLossOnHit": 0,
  "Tags": {
    "Type": [
      "Weapon",
      "Ingredient"
    ],
    "Family": [
      "Club"
    ]
  },
  "Weapon": {},
  "ItemSoundSetId": "ISS_Weapons_Blunt_Small"
}
