{
  "TranslationProperties": {
    "Name": "server.items.NoCube_Bench_Bakers_Oven.name",
    "Description": "server.items.NoCube_Bench_Bakers_Oven.description"
  },
  "Recipe": {
    "TimeSeconds": 0,
    "Input": [
      {
        "Quantity": 40,
        "ResourceTypeId": "Rock"
      },
      {
        "Quantity": 10,
        "ItemId": "Ingredient_Charcoal"
      },
      {
        "Quantity": 1,
        "ItemId": "NoCube_Bread_Peel"
      }
    ],
    "BenchRequirement": [
      {
        "Type": "Crafting",
        "Categories": [
          "NoCube_Bakers_Workbench_Main"
        ],
        "Id": "NoCube_Bakers_Workbench"
      }
    ]
  },
  "Icon": "Icons/ItemsGenerated/NoCube_Bakers_Oven.png",
  "Categories": [
    "Furniture.Benches"
  ],
  "BlockType": {
    "Material": "Solid",
    "DrawType": "Model",
    "Opacity": "Transparent",
    "CustomModel": "Blocks/Benches/NoCube_Bakers_Oven.blockymodel",
    "CustomModelTexture": [
      {
        "Texture": "Blocks/Benches/NoCube_Bakers_Oven.png",
        "Weight": 1
      }
    ],
    "HitboxType": "Bench_Furnace",
    "VariantRotation": "NESW",
    "Light": {
      "Color": "#dba"
    },
    "Particles": [
      {
        "SystemId": "Campfire_New_Cartoon",
        "Scale": 0.8,
        "TargetNodeName": "",
        "PositionOffset": {
          "Y": 0.1
        }
      },
      {
        "SystemId": "NoCube_Quern_Particles",
        "Scale": 0.8,
        "TargetNodeName": "",
        "PositionOffset": {
          "Y": 1.8,
          "Z": -0.3
        }
      }
    ],
    "AmbientSoundEventId": "SFX_Campfire_Default_Loop",
    "Bench": {
      "Type": "Crafting",
      "Categories": [
        {
          "Id": "NoCube_Bakers_Oven_Bread",
          "Icon": "Icons/CraftingCategories/NoCube_Bakers_Oven/NoCube_Bread.png",
          "Name": "server.benchCategories.nocube_bakers_oven.bread"
        },
        {
          "Id": "NoCube_Bakers_Oven_Pastries",
          "Icon": "Icons/CraftingCategories/NoCube_Bakers_Oven/NoCube_Pastries.png",
          "Name": "server.benchCategories.nocube_bakers_oven.pastries"
        }
      ],
      "LocalOpenSoundEventId": "SFX_Furnace_Bench_Open",
      "LocalCloseSoundEventId": "SFX_Furnace_Bench_Close",
      "CompletedSoundEventId": "SFX_Furnace_Bench_Processing_Complete",
      "FailedSoundEventId": "SFX_Furnace_Bench_Processing_Failed",
      "BenchUpgradeSoundEventId": "SFX_Workbench_Upgrade_Start_Default",
      "BenchUpgradeCompletedSoundEventId": "SFX_Workbench_Upgrade_Complete_Default",
      "Id": "NoCube_Bakers_Oven",
      "TierLevels": [
        {
          "CraftingTimeReductionModifier": 0.0,
          "UpgradeRequirement": {
            "Material": [
              {
                "ItemId": "NoCube_Food_Peasant_Bread",
                "Quantity": 3
              },
              {
                "ItemId": "NoCube_Food_Damper",
                "Quantity": 3
              },
              {
                "ItemId": "Food_Bread",
                "Quantity": 3
              },
              {
                "ResourceTypeId": "Wood_Trunk",
                "Quantity": 10
              }
            ],
            "TimeSeconds": 1.0
          }
        },
        {
          "UpgradeRequirement": {
            "Material": [
              {
                "ItemId": "NoCube_Food_Baguette",
                "Quantity": 3
              },
              {
                "ItemId": "NoCube_Food_Corn_Bread",
                "Quantity": 3
              },
              {
                "ItemId": "NoCube_Food_Rice_Bread",
                "Quantity": 3
              },
              {
                "ResourceTypeId": "Wood_Trunk",
                "Quantity": 10
              }
            ],
            "TimeSeconds": 1.0
          },
          "CraftingTimeReductionModifier": 0.5
        },
        {
          "CraftingTimeReductionModifier": 0.8
        }
      ]
    },
    "State": {
      "Id": "crafting",
      "Definitions": {
        "CraftCompleted": {
          "CustomModelAnimation": "Blocks/Benches/Workbench_Crafting.blockyanim"
        }
      }
    },
    "Gathering": {
      "Breaking": {
        "GatherType": "Benches"
      }
    },
    "BlockParticleSetId": "Stone",
    "ParticleColor": "#5C583E",
    "Support": {
      "Down": [
        {
          "FaceType": "Full"
        }
      ]
    },
    "BlockSoundSetId": "Ice"
  },
  "BlockParticleSetId": "Dust",
  "Particles": [
    {
      "SystemId": "Campfire_New_Cartoon",
      "TargetNodeName": "Flame",
      "Scale": 0.9,
      "RotationOffset": {
        "Yaw": 0,
        "Pitch": -90
      }
    }
  ],
  "ParticleColor": "#655d5d",
  "AmbientSoundEventId": "SFX_Flame_Default_Loop",
  "Looping": true,
  "PlayerAnimationsId": "Block",
  "IconProperties": {
    "Scale": 0.36,
    "Rotation": [
      22.5,
      45,
      22.5
    ],
    "Translation": [
      12.9,
      -23
    ]
  },
  "Tags": {
    "Type": [
      "Bench"
    ]
  },
  "MaxStack": 1,
  "ItemSoundSetId": "ISS_Blocks_Wood"
}
