{
  "TranslationProperties": {
    "Name": "server.items.NoCube_Armor_Bakers_Chest.name",
    "Description": "server.items.NoCube_Armor_Bakers_Chest.description"
  },
  "Parent": "Armor_Iron_Chest",
  "Quality": "Uncommon",
  "ItemLevel": 15,
  "Icon": "Icons/ItemsGenerated/NoCube_Bakers_Outfit.png",
  "IconProperties": {
    "Scale": 0.395,
    "Rotation": [
      22.5,
      45,
      22.5
    ],
    "Translation": [
      0,
      -3.3
    ]
  },
  "Categories": [
    "Items.Armors"
  ],
  "Model": "Items/Armors/Linen/Chest.blockymodel",
  "Texture": "Items/Armors/NoCube_Baker/Chest_Texture.png",
  "Recipe": {
    "TimeSeconds": 0,
    "Input": [
      {
        "ItemId": "Ingredient_Fabric_Scrap_Linen",
        "Quantity": 4
      },
      {
        "ItemId": "Ingredient_Hide_Light",
        "Quantity": 2
      }
    ],
    "BenchRequirement": [
      {
        "Type": "Crafting",
        "RequiredTierLevel": 2,
        "Categories": [
          "NoCube_Bakers_Workbench_Main"
        ],
        "Id": "NoCube_Bakers_Workbench"
      }
    ],
    "KnowledgeRequired": false
  },
  "Armor": {
    "ArmorSlot": "Chest",
    "BaseDamageResistance": 0,
    "CosmeticsToHide": [
      "Overtop"
    ],
    "StatModifiers": {
      "Health": [
        {
          "Amount": 15,
          "CalculationType": "Additive"
        }
      ]
    },
    "DamageResistance": {
      "Physical": [
        {
          "Amount": 0.07,
          "CalculationType": "Multiplicative"
        }
      ],
      "Fire": [
        {
          "Amount": 0.07,
          "CalculationType": "Multiplicative"
        }
      ]
    }
  },
  "Tags": {
    "Type": [
      "Armor"
    ],
    "Family": [
      "Cloth_Linen"
    ]
  },
  "MaxDurability": 120,
  "ItemSoundSetId": "ISS_Armor_Cloth"
}
