{
  "TranslationProperties": {
    "Name": "server.items.NoCube_Armor_Bakers_Head.name",
    "Description": "server.items.NoCube_Armor_Bakers_Head.description"
  },
  "Parent": "Armor_Iron_Head",
  "Quality": "Uncommon",
  "ItemLevel": 15,
  "Icon": "Icons/ItemsGenerated/NoCube_Bakers_Hat.png",
  "IconProperties": {
    "Scale": 0.4,
    "Rotation": [
      22.5,
      47.815,
      22.5
    ],
    "Translation": [
      1,
      -17
    ]
  },
  "Categories": [
    "Items.Armors"
  ],
  "Model": "Items/Armors/NoCube_Baker/Head.blockymodel",
  "Texture": "Items/Armors/NoCube_Baker/Head_Texture.png",
  "Recipe": {
    "TimeSeconds": 0,
    "Input": [
      {
        "ItemId": "Ingredient_Fabric_Scrap_Linen",
        "Quantity": 4
      },
      {
        "ItemId": "Ingredient_Fibre",
        "Quantity": 10
      }
    ],
    "BenchRequirement": [
      {
        "Type": "Crafting",
        "RequiredTierLevel": 2,
        "Categories": [
          "NoCube_Bakers_Workbench_Main"
        ],
        "Id": "NoCube_Bakers_Workbench"
      }
    ],
    "KnowledgeRequired": false
  },
  "Armor": {
    "ArmorSlot": "Head",
    "BaseDamageResistance": 0,
    "CosmeticsToHide": [
      "EarAccessory",
      "Ear",
      "Haircut",
      "HeadAccessory"
    ],
    "StatModifiers": {
      "Health": [
        {
          "Amount": 10,
          "CalculationType": "Additive"
        }
      ]
    },
    "DamageResistance": {
      "Physical": [
        {
          "Amount": 0.05,
          "CalculationType": "Multiplicative"
        }
      ],
      "Fire": [
        {
          "Amount": 0.05,
          "CalculationType": "Multiplicative"
        }
      ]
    }
  },
  "Tags": {
    "Type": [
      "Armor"
    ],
    "Family": [
      "Cloth_Linen"
    ]
  },
  "MaxDurability": 120,
  "ItemSoundSetId": "ISS_Armor_Cloth"
}
