{
  "TranslationProperties": {
    "Name": "server.items.NoCube_Bench_Bakers_Workbench.name",
    "Description": "server.items.NoCube_Bench_Bakers_Workbench.description"
  },
  "Recipe": {
    "Input": [
      {
        "Quantity": 10,
        "ResourceTypeId": "Wood_Trunk"
      },
      {
        "Quantity": 10,
        "ResourceTypeId": "Rock"
      },
      {
        "Quantity": 50,
        "ItemId": "Ingredient_Fibre"
      },
      {
        "Quantity": 2,
        "ItemId": "Ingredient_Fabric_Scrap_Linen"
      }
    ],
    "BenchRequirement": [
      {
        "Type": "Crafting",
        "Categories": [
          "Workbench_Crafting"
        ],
        "Id": "Workbench"
      }
    ]
  },
  "Icon": "Icons/ItemsGenerated/NoCube_Bakers_Workbench.png",
  "Categories": [
    "Furniture.Benches"
  ],
  "BlockType": {
    "Material": "Solid",
    "DrawType": "Model",
    "Opacity": "Transparent",
    "CustomModel": "Blocks/Benches/NoCube_Bakers_Workbench.blockymodel",
    "CustomModelTexture": [
      {
        "Texture": "Blocks/Benches/NoCube_Bakers_Workbench.png",
        "Weight": 1
      }
    ],
    "HitboxType": "Bench_Workbench",
    "VariantRotation": "NESW",
    "Bench": {
      "Type": "Crafting",
      "Categories": [
        {
          "Id": "NoCube_Bakers_Workbench_Main",
          "Icon": "Icons/CraftingCategories/NoCube_Bakers_Workbench/NoCube_Bakers_Workbench_Main.png",
          "Name": "server.benchCategories.nocube_bakers_workbench.main"
        },
        {
          "Id": "NoCube_Bakers_Workbench_Ingredients",
          "Icon": "Icons/CraftingCategories/NoCube_Bakers_Workbench/NoCube_Bakers_Workbench_Ingredients.png",
          "Name": "server.benchCategories.nocube_bakers_workbench.ingredients"
        }
      ],
      "LocalOpenSoundEventId": "SFX_Workbench_Open",
      "LocalCloseSoundEventId": "SFX_Workbench_Close",
      "CompletedSoundEventId": "SFX_Workbench_Craft",
      "FailedSoundEventId": "SFX_Furnace_Bench_Processing_Failed",
      "BenchUpgradeSoundEventId": "SFX_Workbench_Upgrade_Start_Default",
      "BenchUpgradeCompletedSoundEventId": "SFX_Workbench_Upgrade_Complete_Default",
      "Id": "NoCube_Bakers_Workbench",
      "TierLevels": [
        {
          "CraftingTimeReductionModifier": 0.0,
          "UpgradeRequirement": {
            "Material": [
              {
                "ItemId": "Ingredient_Flour",
                "Quantity": 3
              },
              {
                "ItemId": "Ingredient_Dough",
                "Quantity": 3
              },
              {
                "ItemId": "Ingredient_Fabric_Scrap_Linen",
                "Quantity": 10
              }
            ],
            "TimeSeconds": 1.0
          }
        },
        {
          "UpgradeRequirement": {
            "Material": [
              {
                "ItemId": "NoCube_Ingredient_Corn_Meal",
                "Quantity": 3
              },
              {
                "ItemId": "NoCube_Ingredient_Rice_Powder",
                "Quantity": 3
              },
              {
                "ItemId": "NoCube_Ingredient_Sugar",
                "Quantity": 3
              },
              {
                "ItemId": "Ingredient_Fabric_Scrap_Linen",
                "Quantity": 10
              }
            ],
            "TimeSeconds": 1.0
          },
          "CraftingTimeReductionModifier": 0.5
        },
        {
          "CraftingTimeReductionModifier": 0.8
        }
      ]
    },
    "State": {
      "Id": "crafting",
      "Definitions": {
        "CraftCompleted": {
          "CustomModelAnimation": "Blocks/Benches/Workbench_Crafting.blockyanim"
        }
      }
    },
    "Gathering": {
      "Breaking": {
        "GatherType": "Benches"
      }
    },
    "BlockParticleSetId": "Wood",
    "ParticleColor": "#6e4a2f",
    "Support": {
      "Down": [
        {
          "FaceType": "Full"
        }
      ]
    },
    "BlockSoundSetId": "Wood"
  },
  "PlayerAnimationsId": "Block",
  "IconProperties": {
    "Scale": 0.42,
    "Rotation": [
      22.5,
      45,
      22.5
    ],
    "Translation": [
      12.9,
      -11.7
    ]
  },
  "Tags": {
    "Type": [
      "Bench"
    ]
  },
  "MaxStack": 1,
  "ItemSoundSetId": "ISS_Blocks_Wood"
}
