{
  "Icon": "Icons/ItemsGenerated/NoCube_Ingredient_Wort_Peasant_Beer.png",
  "Categories": [
    "Items.Ingredients"
  ],
  "TranslationProperties": {
    "Description": "server.items.NoCube_Ingredient_Wort.description"
  },
  "ItemLevel": 3,
  "Recipe": {
    "Input": [
      {
        "ItemId": "Plant_Crop_Wheat_Item",
        "Quantity": 5
      },
      {
        "ResourceTypeId": "Fuel",
        "Quantity": 3
      }
    ],
    "BenchRequirement": [
      {
        "Type": "Crafting",
        "Id": "NoCube_Bench_Brewing_Cauldron",
        "Categories": [
          "NoCube_Bench_Brewing_Cauldron_Ingredients"
        ]
      }
    ]
  },
  "BlockType": {
    "DrawType": "Model",
    "HitboxType": "Plant_Medium",
    "Opacity": "Semitransparent",
    "CustomModel": "Items/Ingredients/NoCube_Wort.blockymodel",
    "CustomModelTexture": [
      {
        "Texture": "Items/Ingredients/NoCube_Wort_Peasant_Beer.png",
        "Weight": 1
      }
    ],
    "Flags": {
      "IsStackable": false
    },
    "RandomRotation": "YawStep1",
    "Gathering": {
      "Harvest": {},
      "Soft": {}
    },
    "BlockParticleSetId": "Wood",
    "BlockSoundSetId": "Wood",
    "ParticleColor": "#8c5e41",
    "CustomModelScale": 0.7
  },
  "PlayerAnimationsId": "Block",
  "Gathering": {
    "Soft": {}
  },
  "ItemSoundSetId": "ISS_Blocks_Wood",
  "IconProperties": {
    "Scale": 0.58823,
    "Rotation": [
      22.5,
      45,
      22.5
    ],
    "Translation": [
      0,
      -8
    ]
  }
}
