{
  "Parent": "Template_Food",
  "Icon": "Icons/ItemsGenerated/NoCube_Ingredient_Brewing_Yeast.png",
  "TranslationProperties": {
    "Name": "server.items.NoCube_Ingredient_Brewing_Yeast.name",
    "Description": "server.items.NoCube_Ingredient_Brewing_Yeast.description"
  },
  "ResourceTypes": [
    {
      "Id": "NoCube_Brewing_Yeasts"
    }
  ],
  "ItemLevel": 2,
  "Quality": "Common",
  "Recipe": {
    "Input": [
      {
        "ResourceTypeId": "Mushrooms",
        "Quantity": 2
      }
    ],
    "Output": [
      {
        "ItemId": "NoCube_Ingredient_Brewing_Yeast",
        "Quantity": 10
      }
    ],
    "BenchRequirement": [
      {
        "Type": "Crafting",
        "Id": "NoCube_Bench_Brewing_Cauldron",
        "Categories": [
          "NoCube_Bench_Brewing_Cauldron_Ingredients"
        ]
      }
    ]
  },
  "BlockType": {
    "Material": "Empty",
    "DrawType": "Model",
    "CustomModel": "Items/Ingredients/NoCube_Brewing_Yeast.blockymodel",
    "CustomModelTexture": [
      {
        "Texture": "Items/Ingredients/NoCube_Brewing_Yeast.png",
        "Weight": 1
      }
    ],
    "HitboxType": "Food_Medium",
    "ParticleColor": "#b7c0d3",
    "CustomModelScale": 0.6
  },
  "Scale": 1,
  "IconProperties": {
    "Scale": 0.7,
    "Rotation": [
      22.5,
      45,
      22.5
    ],
    "Translation": [
      0,
      -8
    ]
  },
  "MaxStack": 1000
}
