{
  "Parent": "Template_Food",
  "Icon": "Icons/ItemsGenerated/NoCube_Ingredient_Roasted_Malt.png",
  "TranslationProperties": {
    "Name": "server.items.NoCube_Ingredient_Roasted_Malt.name",
    "Description": "server.items.NoCube_Ingredient_Roasted_Malt.description"
  },
  "ResourceTypes": [],
  "Quality": "Common",
  "ItemLevel": 1,
  "Recipe": {
    "Input": [
      {
        "ItemId": "Plant_Crop_Wheat_Item",
        "Quantity": 3
      },
      {
        "ResourceTypeId": "Fuel",
        "Quantity": 3
      }
    ],
    "BenchRequirement": [
      {
        "Type": "Crafting",
        "Id": "NoCube_Bench_Brewing_Cauldron",
        "Categories": [
          "NoCube_Bench_Brewing_Cauldron_Ingredients"
        ]
      }
    ]
  },
  "BlockType": {
    "Material": "Empty",
    "DrawType": "Model",
    "CustomModel": "Items/Ingredients/NoCube_Roasted_Malt.blockymodel",
    "CustomModelTexture": [
      {
        "Texture": "Items/Ingredients/NoCube_Roasted_Malt.png",
        "Weight": 1
      }
    ],
    "HitboxType": "Food_Medium",
    "ParticleColor": "#b7c0d3",
    "CustomModelScale": 0.6
  },
  "Scale": 1,
  "IconProperties": {
    "Scale": 0.8,
    "Rotation": [
      21,
      45,
      23
    ],
    "Translation": [
      0,
      1
    ]
  },
  "MaxStack": 100
}
