{
  "PlayerAnimationsId": "Block",
  "Categories": [
    "Furniture.Furniture"
  ],
  "Set": "Furniture_Tavern",
  "Icon": "Icons/ItemsGenerated/NoCube_Furniture_Counter_Stool.png",
  "ItemLevel": 2,
  "Recipe": {
    "Input": [
      {
        "ResourceTypeId": "Wood_Trunk",
        "Quantity": 1
      }
    ],
    "BenchRequirement": [
      {
        "Type": "Crafting",
        "Id": "NoCube_Bench_Brewing_Cauldron",
        "Categories": [
          "NoCube_Bench_Brewing_Cauldron_Deco"
        ]
      }
    ]
  },
  "BlockType": {
    "BlockParticleSetId": "Wood",
    "CustomModel": "Blocks/Furniture/NoCube_Counter_Stool.blockymodel",
    "CustomModelTexture": [
      {
        "Texture": "Blocks/Furniture/NoCube_Counter_Stool.png",
        "Weight": 1
      }
    ],
    "DrawType": "Model",
    "Flags": {},
    "Gathering": {
      "Breaking": {
        "GatherType": "Woods"
      }
    },
    "Group": "Wood",
    "HitboxType": "Plant_Full",
    "Material": "Solid",
    "Opacity": "Transparent",
    "ParticleColor": "#543022",
    "Support": {
      "Down": [
        {
          "FaceType": "Full"
        }
      ]
    },
    "BlockSoundSetId": "Wood",
    "VariantRotation": "NESW",
    "Seats": [
      {
        "Offset": {
          "X": 0,
          "Y": 0.32,
          "Z": 0.07
        },
        "Yaw": 0
      }
    ],
    "Interactions": {
      "Use": "Block_Seat"
    }
  },
  "Model": "Blocks/Decorative_Sets/Tavern/Stool.blockymodel",
  "Texture": "Blocks/Decorative_Sets/Tavern/Stool_Texture.png",
  "ResourceTypes": [
    {
      "Id": "Fuel"
    },
    {
      "Id": "Charcoal"
    }
  ],
  "Tags": {
    "Type": [
      "Furniture"
    ],
    "Family": [
      "Tavern"
    ]
  },
  "ItemSoundSetId": "ISS_Blocks_Wood",
  "IconProperties": {
    "Scale": 0.58823,
    "Rotation": [
      22.5,
      45,
      22.5
    ],
    "Translation": [
      0,
      -13.5
    ]
  }
}
