{
  "Icon": "Icons/ItemsGenerated/Violet_Armchair_Antique_Yellow.png",
  "BlockType": {
    "CustomModelTexture": [
      {
        "Texture": "Blocks/Furniture/Antique/Armchair/Antique_Armchair_Yellow.png",
        "Weight": 1
      }
    ],
    "DrawType": "Model",
    "Group": "Wood"
  },
  "Tags": {
    "Type": [
      "Furniture"
    ],
    "Family": [
      "Tavern"
    ]
  },
  "Quality": "Violet_Furniture_Customisable",
  "IconProperties": {
    "Scale": 0.53,
    "Rotation": [
      22.5,
      45,
      22.5
    ],
    "Translation": [
      -1,
      -18
    ]
  },
  "Parent": "Violet_Armchair_Antique_White"
}
