{
  "TranslationProperties": {
    "Name": "server.items.NoCube_Neon_Block_Yellow.name"
  },
  "ItemLevel": 10,
  "Categories": [
    "Blocks.Rocks"
  ],
  "PlayerAnimationsId": "Block",
  "Recipe": {
    "Input": [
      {
        "ItemId": "Ingredient_Crystal_Yellow",
        "Quantity": 1
      }
    ],
    "Output": [
      {
        "ItemId": "NoCube_Neon_Block_Yellow",
        "Quantity": 10
      }
    ],
    "BenchRequirement": [
      {
        "Type": "Crafting",
        "Id": "Furniture_Bench",
        "Categories": [
          "Furniture_Lighting"
        ]
      }
    ]
  },
  "BlockType": {
    "Material": "Solid",
    "DrawType": "GizmoCube",
    "Opacity": "Transparent",
    "Group": "Stone",
    "Flags": {},
    "BlockParticleSetId": "Stone",
    "Textures": [
      {
        "All": "Blocks/NoCube_Neon_Block_Yellow.png",
        "Weight": 1
      }
    ],
    "ParticleColor": "#ffd000",
    "BlockSoundSetId": "Crystal",
    "CustomModel": "Blocks/Structures/Base_Shapes/Cube_Overlay.blockymodel",
    "CustomModelTexture": [
      {
        "Texture": "Blocks/NoCube_Neon_Block_Yellow.png"
      }
    ],
    "RequiresAlphaBlending": true,
    "Light": {
      "Color": "#fb0",
      "Radius": 0
    }
  },
  "ResourceTypes": [
    {
      "Id": "Rock"
    }
  ],
  "Set": "Rock_Volcanic",
  "Tags": {
    "Type": [
      "Rock"
    ],
    "Family": [
      "Volcanic"
    ]
  },
  "$Comment": " ",
  "Icon": "Icons/ItemsGenerated/NoCube_Neon_Block_Yellow.png",
  "Parent": "Rock_Volcanic",
  "IconProperties": {
    "Scale": 0.58823,
    "Rotation": [
      22.5,
      45.0,
      22.5
    ],
    "Translation": [
      0.0,
      -13.5
    ]
  }
}
