{
  "TranslationProperties": {
    "Name": "items.Violet_Counter_Contemporary.name"
  },
  "Icon": "Icons/ItemsGenerated/Violet_Counter_Contemporary.png",
  "Categories": [
    "Blocks.Deco"
  ],
  "Recipe": {
    "BenchRequirement": [
      {
        "Type": "Crafting",
        "Id": "Bench_Violet",
        "Categories": [
          "Violet_All",
          "Violet_Surfaces"
        ]
      }
    ],
    "Input": [
      {
        "ItemId": "Wood_Softwood_Planks",
        "Quantity": 4
      }
    ]
  },
  "BlockType": {
    "Material": "Solid",
    "DrawType": "Model",
    "Opacity": "Transparent",
    "CustomModel": "Blocks/Furniture/Contemporary/Counter/Counter.blockymodel",
    "CustomModelTexture": [
      {
        "Weight": 1,
        "Texture": "Blocks/Furniture/Contemporary/Counter/Counter.png"
      }
    ],
    "Group": "Wood",
    "HitboxType": "Desk",
    "VariantRotation": "NESW",
    "Flags": {},
    "Gathering": {
      "Breaking": {
        "GatherType": "Rocks"
      }
    },
    "BlockParticleSetId": "Wood",
    "Support": {
      "Down": [
        {
          "FaceType": "Full"
        }
      ]
    },
    "Supporting": {
      "Up": [
        {}
      ]
    },
    "BlockSoundSetId": "Wood",
    "ParticleColor": "#c78741"
  },
  "PlayerAnimationsId": "Block",
  "ResourceTypes": [
    {
      "Id": "Fuel"
    },
    {
      "Id": "Charcoal"
    }
  ],
  "Tags": {
    "Type": [
      "Furniture"
    ],
    "Family": [
      "Village"
    ]
  },
  "IconProperties": {
    "Scale": 0.4,
    "Rotation": [
      22.5,
      45.0,
      22.5
    ],
    "Translation": [
      13.0,
      -10.0
    ]
  },
  "ItemSoundSetId": "ISS_Blocks_Wood",
  "Scale": 0.8
}
