{
  "TranslationProperties": {
    "Name": "server.items.NoCube_Drink_Juice_Fruit_Persimmon.name",
    "Description": "server.items.NoCube_Drink_Juice_Fruit_Persimmon.description"
  },
  "Parent": "NoCube_Template_Juice",
  "Icon": "Icons/ItemsGenerated/NoCube_Drink_Fruit_Juice_Persimmon.png",
  "BlockType": {
    "CustomModel": "Items/NoCube_Juice_Medium.blockymodel",
    "CustomModelTexture": [
      {
        "Texture": "Items/NoCube_Juice_Persimmon.png",
        "Weight": 1
      }
    ]
  },
  "Recipe": {
    "Input": [
      {
        "ItemId": "NoCube_Plant_Fruit_Persimmon",
        "Quantity": 10
      }
    ],
    "BenchRequirement": [
      {
        "Id": "NoCube_Bench_Fruit_Press",
        "Type": "Processing"
      }
    ],
    "TimeSeconds": 20
  },
  "InteractionVars": {
    "Effect": {
      "Interactions": [
        "HealthRegen_TierCheck_T3",
        "FruitVeggie_TierCheck_T3",
        "NoCube_Lemon_Juice_Buff_Check"
      ]
    }
  },
  "Scale": 1.1,
  "IconProperties": {
    "Scale": 0.9,
    "Rotation": [
      340,
      116,
      13
    ],
    "Translation": [
      2,
      -12
    ]
  }
}
