{
  "TranslationProperties": {
    "Name": "server.items.NoCube_Drink_Juice_Fruit_Apricot.name"
  },
  "Parent": "NoCube_Template_Juice",
  "Icon": "Icons/ItemsGenerated/NoCube_Drink_Fruit_Juice_Apple.png",
  "BlockType": {
    "CustomModel": "Items/NoCube_Juice_Small.blockymodel",
    "CustomModelTexture": [
      {
        "Texture": "Items/NoCube_Juice_Apple.png",
        "Weight": 1
      }
    ]
  },
  "Recipe": {
    "Input": [
      {
        "ItemId": "NoCube_Plant_Fruit_Apricot",
        "Quantity": 10
      }
    ],
    "BenchRequirement": [
      {
        "Id": "NoCube_Bench_Fruit_Press",
        "Type": "Processing"
      }
    ],
    "TimeSeconds": 20
  },
  "InteractionVars": {
    "Effect": {
      "Interactions": [
        {
          "Type": "ApplyEffect",
          "EffectId": "Food_Instant_Heal_T1"
        },
        "HealthRegen_TierCheck_T1",
        "FruitVeggie_TierCheck_T1"
      ]
    }
  },
  "Scale": 1.1,
  "IconProperties": {
    "Scale": 0.9,
    "Rotation": [
      340,
      116,
      13
    ],
    "Translation": [
      2,
      -12
    ]
  }
}
