{
  "TranslationProperties": {
    "Name": "server.items.NoCube_Template_Juice.name"
  },
  "Quality": "Template",
  "PlayerAnimationsId": {
    "Parent": "Item",
    "Animations": {
      "Consume": {
        "FirstPerson": "Characters/Animations/Items/Main_Handed/Item/Attacks/Drink/Drink_FPS.blockyanim",
        "ThirdPerson": "Characters/Animations/Items/Main_Handed/Item/Attacks/Drink/Drink.blockyanim",
        "Speed": 1,
        "Looping": true
      }
    }
  },
  "Categories": [
    "Items.Foods"
  ],
  "Icon": "Icons/ItemsGenerated/NoCube_Template_Juice.png",
  "IconProperties": {
    "Scale": 0.8,
    "Rotation": [
      22.5,
      278,
      328
    ],
    "Translation": [
      0,
      -9
    ]
  },
  "Interactions": {
    "Primary": "Block_Primary",
    "Secondary": "Root_Secondary_Consume_Potion"
  },
  "InteractionVars": {
    "RemoveEffect": {
      "Interactions": [
        {
          "Type": "Simple"
        }
      ]
    },
    "Effect": {
      "Interactions": [
        {
          "Type": "Serial",
          "Interactions": [
            {
              "Type": "ApplyEffect",
              "EffectId": "Food_Instant_Heal_T3"
            },
            "HealthRegen_TierCheck_T3",
            "FruitVeggie_TierCheck_T3"
          ]
        }
      ]
    },
    "ConsumeSFX": {
      "Interactions": [
        {
          "Type": "Simple",
          "RunTime": 0,
          "Effects": {
            "LocalSoundEventId": "SFX_Health_Potion_Low_Drink",
            "ClearSoundEventOnFinish": true
          }
        }
      ]
    },
    "ConsumedSFX": {
      "Interactions": [
        {
          "Type": "Simple"
        }
      ]
    }
  },
  "Utility": {
    "Compatible": false
  },
  "BlockType": {
    "BlockSoundSetId": "Glass",
    "CustomModel": "Items/NoCube_Juice_Small.blockymodel",
    "CustomModelTexture": [
      {
        "Texture": "Items/NoCube_Juice_Apple.png",
        "Weight": 1
      }
    ],
    "CustomModelScale": 0.7,
    "DrawType": "Model",
    "Flags": {
      "IsUsable": true
    },
    "Gathering": {
      "Harvest": {},
      "Soft": {}
    },
    "HitboxType": "Potion",
    "Material": "Empty",
    "RandomRotation": "YawStep1",
    "Opacity": "Transparent",
    "Support": {
      "Down": [
        {
          "FaceType": "Full"
        }
      ]
    }
  },
  "ResourceTypes": [
    {
      "Id": "NoCube_Fruit_Juices"
    }
  ],
  "Consumable": true,
  "Tags": {
    "Type": [
      "Food",
      "NoCube_Fruit_Juices"
    ]
  },
  "Scale": 2,
  "MaxStack": 25
}
