{
  "TranslationProperties": {
    "Name": "server.items.NoCube_Drink_Juice_Fruit_Azure.name"
  },
  "Parent": "NoCube_Template_Juice",
  "Icon": "Icons/ItemsGenerated/NoCube_Drink_Fruit_Juice_Azure.png",
  "BlockType": {
    "Light": {
      "Color": "#469"
    },
    "CustomModel": "Items/NoCube_Juice_Small.blockymodel",
    "CustomModelTexture": [
      {
        "Texture": "Items/NoCube_Juice_Azure_Fruit.png",
        "Weight": 1
      }
    ]
  },
  "Recipe": {
    "Input": [
      {
        "ItemId": "Plant_Fruit_Azure",
        "Quantity": 10
      }
    ],
    "BenchRequirement": [
      {
        "Id": "NoCube_Bench_Fruit_Press",
        "Type": "Processing"
      }
    ],
    "TimeSeconds": 20
  },
  "InteractionVars": {
    "Effect": {
      "Interactions": [
        {
          "Type": "ApplyEffect",
          "EffectId": "NoCube_Azure_Juice_Buff"
        },
        "HealthRegen_TierCheck_T3",
        "FruitVeggie_TierCheck_T3"
      ]
    }
  },
  "Scale": 1.1,
  "IconProperties": {
    "Scale": 0.9,
    "Rotation": [
      340,
      116,
      13
    ],
    "Translation": [
      2,
      -12
    ]
  }
}
