{
  "TranslationProperties": {
    "Name": "server.items.NoCube_Drink_Juice_Fruit_Multifruit.name",
    "Description": "server.items.NoCube_Drink_Juice_Fruit_Multifruit.description"
  },
  "Parent": "NoCube_Template_Juice",
  "Icon": "Icons/ItemsGenerated/NoCube_Drink_Fruit_Juice_Lemon.png",
  "BlockType": {
    "CustomModel": "Items/NoCube_Juice_Medium.blockymodel",
    "CustomModelTexture": [
      {
        "Texture": "Items/NoCube_Juice_Lemon.png",
        "Weight": 1
      }
    ]
  },
  "Recipe": {
    "Input": [
      {
        "ResourceTypeId": "NoCube_Fruit_Juices",
        "Quantity": 3
      },
      {
        "ItemId": "NoCube_Drink_Fruit_Juice_Apple",
        "Quantity": 1
      }
    ],
    "BenchRequirement": [
      {
        "Type": "Crafting",
        "Categories": [
          "NoCube_Bench_Orchard_Main"
        ],
        "Id": "NoCube_Bench_Orchard",
        "RequiredTierLevel": 4
      }
    ]
  },
  "InteractionVars": {
    "Effect": {
      "Interactions": [
        "HealthRegen_TierCheck_T3",
        "FruitVeggie_TierCheck_T3",
        "NoCube_Lemon_Juice_Buff_Check"
      ]
    }
  },
  "Scale": 1.1,
  "IconProperties": {
    "Scale": 0.9,
    "Rotation": [
      340,
      116,
      13
    ],
    "Translation": [
      2,
      -12
    ]
  }
}
