{
  "Icon": "Icons/ItemsGenerated/Violet_Ottoman_Wide_Antique_Pink.png",
  "IconProperties": {
    "Scale": 0.48,
    "Rotation": [
      22.5,
      45,
      22.5
    ],
    "Translation": [
      12,
      -3
    ]
  },
  "BlockType": {
    "CustomModelTexture": [
      {
        "Texture": "Blocks/Furniture/Antique/Ottoman/Antique_Ottoman_Pink.png",
        "Weight": 1
      }
    ],
    "DrawType": "Model",
    "Group": "Wood"
  },
  "Quality": "Violet_Furniture_Customisable",
  "Parent": "Violet_Ottoman_Wide_Antique_White"
}
