{
  "Icon": "Icons/ItemsGenerated/Violet_Ottoman_Antique_Red.png",
  "IconProperties": {
    "Scale": 0.7,
    "Rotation": [
      22.5,
      45,
      22.5
    ],
    "Translation": [
      0,
      -9
    ]
  },
  "Quality": "Violet_Furniture_Customisable",
  "Parent": "Violet_Ottoman_Antique_White",
  "BlockType": {
    "CustomModelTexture": [
      {
        "Texture": "Blocks/Furniture/Antique/Ottoman/Antique_Ottoman_Red.png",
        "Weight": 1
      }
    ],
    "DrawType": "Model",
    "Group": "Wood"
  }
}
