{
  "Parent": "Violet_Armchair_Contemporary_White",
  "BlockType": {
    "CustomModelTexture": [
      {
        "Texture": "Blocks/Furniture/Contemporary/Armchair/Armchair_Lime.png",
        "Weight": 1
      }
    ],
    "DrawType": "Model",
    "HitboxType": "Chair_Small",
    "Support": {
      "Down": [
        {
          "FaceType": "Full"
        }
      ]
    },
    "Interactions": {
      "Use": "Block_Seat"
    },
    "BlockSoundSetId": "Wood"
  },
  "Icon": "Icons/ItemsGenerated/Violet_Armchair_Contemporary_Lime.png",
  "IconProperties": {
    "Scale": 0.55,
    "Rotation": [
      22.5,
      45,
      22.5
    ],
    "Translation": [
      -1,
      -15
    ]
  },
  "Quality": "Violet_Furniture_Customisable"
}
