{
  "Parent": "DamageEntityParent",
  "DamageCalculator": {
    "Class": "Charged"
  },
  "Effects": {
    "CameraEffect": "Impact"
  },
  "DamageEffects": {
    "Knockback": {
      "Type": "Force",
      "VelocityConfig": {
        "AirResistance": 0.99,
        "AirResistanceMax": 0.98,
        "GroundResistance": 0.94,
        "GroundResistanceMax": 0.3,
        "Threshold": 3.0,
        "Style": "Linear"
      },
      "Direction": {
        "X": 0,
        "Y": 5,
        "Z": -3
      },
      "Force": 19,
      "VelocityType": "Add"
    },
    "WorldParticles": [
      {
        "SystemId": "Impact_Mace_Charged"
      }
    ],
    "CameraEffect": "Impact_Light"
  },
  "EntityStatsOnHit": [
    {
      "EntityStatId": "SignatureEnergy",
      "Amount": 2
    }
  ]
}
