{
  "Type": "Serial",
  "Interactions": [
    {
      "Type": "Replace",
      "Var": "Swing_Up_Left_Charged_StaminaCost",
      "DefaultOk": true,
      "DefaultValue": {
        "Interactions": [
          {
            "Type": "ApplyEffect",
            "EffectId": "Stamina_Broken_Immune"
          },
          {
            "Type": "ChangeStat",
            "StatModifiers": {
              "Stamina": -2
            }
          }
        ]
      }
    },
    {
      "Type": "Replace",
      "Var": "Swing_Up_Left_Charged_Selector",
      "DefaultOk": true,
      "DefaultValue": {
        "Interactions": [
          "Weapon_Maelstrom_Primary_Swing_Up_Left_Charged_Selector"
        ]
      }
    },
    {
      "Type": "Replace",
      "Var": "Swing_Up_Left_Charged_StaminaRegenDelay",
      "DefaultOk": true,
      "DefaultValue": {
        "Interactions": [
          {
            "Type": "ChangeStat",
            "Behaviour": "Set",
            "StatModifiers": {
              "StaminaRegenDelay": -1.5
            }
          }
        ]
      }
    }
  ]
}
