{
  "Type": "Charging",
  "DisplayProgress": false,
  "AllowIndefiniteHold": false,
  "HorizontalSpeedMultiplier": 0.8,
  "MouseSensitivityAdjustmentTarget": 0.3,
  "MouseSensitivityAdjustmentDuration": 0.1,
  "Effects": {
    "ItemAnimationId": "SwingUpLeftCharging",
    "Particles": [
      {
        "PositionOffset": {
          "Y": 0,
          "Z": 0
        },
        "RotationOffset": {
          "Pitch": 0,
          "Roll": 90,
          "Yaw": 0
        },
        "TargetNodeName": "Anchor",
        "SystemId": "Mace_Charging",
        "TargetEntityPart": "PrimaryItem"
      }
    ]
  },
  "Next": {
    "0": {
      "Type": "Replace",
      "Var": "Swing_Up_Left_Start",
      "DefaultOk": true,
      "DefaultValue": {
        "Interactions": [
          "Weapon_Maelstrom_Primary_Swing_Up_Left"
        ]
      }
    },
    "2": {
      "Type": "Replace",
      "Var": "Swing_Up_Left_Charged",
      "DefaultOk": true,
      "DefaultValue": {
        "Interactions": [
          "Weapon_Maelstrom_Primary_Swing_Up_Left_Charged_Parallel"
        ]
      }
    }
  }
}
