{
  "TranslationProperties": {
    "Name": "items.Aures_Furniture_Painting_1x2.name",
    "Description": "items.Aures_Furniture_Painting.description"
  },
  "PlayerAnimationsId": "Block",
  "Categories": [
    "Furniture.Signs"
  ],
  "Set": "Furniture_Lumberjack",
  "Recipe": {
    "Input": [
      {
        "ItemId": "Ingredient_Stick",
        "Quantity": 4
      },
      {
        "ItemId": "Ingredient_Fabric_Scrap_Linen",
        "Quantity": 1
      }
    ],
    "BenchRequirement": [
      {
        "Type": "Crafting",
        "Id": "Furniture_Bench",
        "Categories": [
          "Furniture_Misc"
        ]
      }
    ]
  },
  "Icon": "Icons/ItemsGenerated/Aures_Furniture_Painting_1x2.png",
  "IconProperties": {
    "Scale": 0.41,
    "Rotation": [
      22.5,
      45,
      22.5
    ],
    "Translation": [
      8.5,
      -33.5
    ]
  },
  "Interactions": {
    "Primary": "Block_Primary",
    "Secondary": "Block_Secondary"
  },
  "BlockType": {
    "BlockParticleSetId": "Wood",
    "BlockSoundSetId": "Wood",
    "CustomModel": "Blocks/Aures_Paintings_1x2/Aures_Painting_1x2.blockymodel",
    "CustomModelTexture": [
      {
        "Texture": "Blocks/Aures_Paintings_1x2/Variant_1.png",
        "Weight": 1
      }
    ],
    "DrawType": "Model",
    "Flags": {},
    "Gathering": {
      "Soft": {
        "IsWeaponBreakable": false
      }
    },
    "Material": "Solid",
    "Opacity": "Transparent",
    "ParticleColor": "#793e21",
    "Support": {
      "North": [
        {
          "FaceType": "Full"
        }
      ]
    },
    "VariantRotation": "NESW",
    "CustomModelScale": 1,
    "HitboxType": "Painting_1x2",
    "Interactions": {
      "Use": {
        "Interactions": [
          {
            "Type": "ChangeState",
            "Changes": {
              "default": "Off",
              "Off": "Painting_3",
              "Painting_3": "Painting_4",
              "Painting_4": "Painting_5",
              "Painting_5": "Painting_6",
              "Painting_6": "Painting_7",
              "Painting_7": "Painting_8",
              "Painting_8": "Painting_9",
              "Painting_9": "Painting_10",
              "Painting_10": "default"
            }
          }
        ]
      }
    },
    "State": {
      "Definitions": {
        "On": {
          "InteractionHint": "interactionHints.aures_painting_1x2_variant_1",
          "CustomModel": "Blocks/Aures_Paintings_1x2/Aures_Painting_1x2.blockymodel",
          "CustomModelTexture": [
            {
              "Texture": "Blocks/Aures_Paintings_1x2/Variant_1.png",
              "Weight": 1
            }
          ]
        },
        "Off": {
          "InteractionHint": "interactionHints.aures_painting_1x2_variant_2",
          "CustomModel": "Blocks/Aures_Paintings_1x2/Aures_Painting_1x2.blockymodel",
          "CustomModelTexture": [
            {
              "Texture": "Blocks/Aures_Paintings_1x2/Variant_2.png",
              "Weight": 1
            }
          ]
        },
        "Painting_3": {
          "InteractionHint": "interactionHints.aures_painting_1x2_variant_3",
          "CustomModel": "Blocks/Aures_Paintings_1x2/Aures_Painting_1x2.blockymodel",
          "CustomModelTexture": [
            {
              "Texture": "Blocks/Aures_Paintings_1x2/Variant_3.png",
              "Weight": 1
            }
          ]
        },
        "Painting_4": {
          "InteractionHint": "interactionHints.aures_painting_1x2_variant_4",
          "CustomModel": "Blocks/Aures_Paintings_1x2/Aures_Painting_1x2.blockymodel",
          "CustomModelTexture": [
            {
              "Texture": "Blocks/Aures_Paintings_1x2/Variant_4.png",
              "Weight": 1
            }
          ]
        },
        "Painting_5": {
          "InteractionHint": "interactionHints.aures_painting_1x2_variant_5",
          "CustomModel": "Blocks/Aures_Paintings_1x2/Aures_Painting_1x2.blockymodel",
          "CustomModelTexture": [
            {
              "Texture": "Blocks/Aures_Paintings_1x2/Variant_5.png",
              "Weight": 1
            }
          ]
        },
        "Painting_6": {
          "InteractionHint": "interactionHints.aures_painting_1x2_variant_6",
          "CustomModel": "Blocks/Aures_Paintings_1x2/Aures_Painting_1x2.blockymodel",
          "CustomModelTexture": [
            {
              "Texture": "Blocks/Aures_Paintings_1x2/Variant_6.png",
              "Weight": 1
            }
          ]
        },
        "Painting_7": {
          "InteractionHint": "interactionHints.aures_painting_1x2_variant_7",
          "CustomModel": "Blocks/Aures_Paintings_1x2/Aures_Painting_1x2.blockymodel",
          "CustomModelTexture": [
            {
              "Texture": "Blocks/Aures_Paintings_1x2/Variant_7.png",
              "Weight": 1
            }
          ]
        },
        "Painting_8": {
          "InteractionHint": "interactionHints.aures_painting_1x2_variant_8",
          "CustomModel": "Blocks/Aures_Paintings_1x2/Aures_Painting_1x2.blockymodel",
          "CustomModelTexture": [
            {
              "Texture": "Blocks/Aures_Paintings_1x2/Variant_8.png",
              "Weight": 1
            }
          ]
        },
        "Painting_9": {
          "InteractionHint": "interactionHints.aures_painting_1x2_variant_9",
          "CustomModel": "Blocks/Aures_Paintings_1x2/Aures_Painting_1x2.blockymodel",
          "CustomModelTexture": [
            {
              "Texture": "Blocks/Aures_Paintings_1x2/Variant_9.png",
              "Weight": 1
            }
          ]
        },
        "Painting_10": {
          "InteractionHint": "interactionHints.aures_painting_1x2_variant_10",
          "CustomModel": "Blocks/Aures_Paintings_1x2/Aures_Painting_1x2.blockymodel",
          "CustomModelTexture": [
            {
              "Texture": "Blocks/Aures_Paintings_1x2/Variant_10.png",
              "Weight": 1
            }
          ]
        }
      }
    },
    "InteractionHint": "interactionHints.aures_painting_1x2_variant_1",
    "InteractionSoundEventId": "SFX_Cloth_Hit",
    "Looping": true
  },
  "Model": "Blocks/Aures_Paintings_1x2/Aures_Painting_1x2.blockymodel",
  "Texture": "Blocks/Aures_Paintings_1x2/Variant_1.png",
  "ResourceTypes": [],
  "Tags": {
    "Type": [
      "Deco"
    ]
  },
  "Scale": 1,
  "Utility": {
    "Usable": true
  },
  "ItemSoundSetId": "ISS_Blocks_Wood"
}
