{
  "Type": "Selector",
  "RunTime": 0.1,
  "Effects": {
    "CameraEffect": "Mace_Swing_Horizontal",
    "Trails": [
      {
        "TrailId": "Small_Default",
        "TargetEntityPart": "PrimaryItem",
        "TargetNodeName": "Anchor",
        "PositionOffset": {
          "Z": 0,
          "Y": 0,
          "X": 0.5
        }
      },
      {
        "TrailId": "Small_Default",
        "TargetEntityPart": "PrimaryItem",
        "TargetNodeName": "Anchor",
        "PositionOffset": {
          "Y": -0.9,
          "X": -0.2,
          "Z": 0
        },
        "RotationOffset": {
          "Yaw": 0,
          "Roll": -65
        }
      },
      {
        "TrailId": "Small_Default",
        "TargetEntityPart": "PrimaryItem",
        "TargetNodeName": "Anchor",
        "PositionOffset": {
          "Y": 0.9,
          "X": -0.2,
          "Z": 0
        },
        "RotationOffset": {
          "Yaw": 0,
          "Roll": 65
        }
      }
    ]
  },
  "Selector": {
    "Id": "Horizontal",
    "Direction": "ToRight",
    "TestLineOfSight": false,
    "ExtendTop": 0.75,
    "ExtendBottom": 0.75,
    "StartDistance": 0.1,
    "EndDistance": 3,
    "Length": 120,
    "RollOffset": 0,
    "YawStartOffset": -60
  },
  "HitBlock": {
    "Interactions": [
      "Block_Break_Adventure"
    ]
  },
  "HitEntity": {
    "Interactions": [
      {
        "Type": "Replace",
        "Var": "Swing_Right_Damage",
        "DefaultOk": true,
        "DefaultValue": {
          "Interactions": [
            "Weapon_Maelstrom_Primary_Swing_Right_Damage"
          ]
        }
      }
    ]
  },
  "Next": {
    "Type": "Simple",
    "$Comment": "Pad the interaction length",
    "RunTime": 0.417
  }
}
