{
  "TranslationProperties": {
    "Name": "wanmine.items.Weapon_Mace_Mjollnir.name",
    "Description": "wanmine.items.Weapon_Mace_Mjollnir.description"
  },
  "Texture": "Items/Weapons/Mace/Mjollnir.png",
  "Quality": "Relic",
  "ItemLevel": 55,
  "Recipe": {
    "TimeSeconds": 5,
    "KnowledgeRequired": false,
    "Input": [
      {
        "ItemId": "Ingredient_Bar_Adamantite",
        "Quantity": 27
      },
      {
        "ItemId": "Ingredient_Leather_Heavy",
        "Quantity": 10
      },
      {
        "ItemId": "Ingredient_Void_Essence",
        "Quantity": 30
      },
      {
        "ItemId": "Ingredient_Voidheart",
        "Quantity": 1
      }
    ],
    "BenchRequirement": [
      {
        "Type": "Crafting",
        "Categories": [
          "Weapon_Mace"
        ],
        "Id": "Weapon_Bench",
        "RequiredTierLevel": 3
      }
    ]
  },
  "InteractionVars": {
    "Swing_Left_Damage": {
      "Interactions": [
        {
          "Parent": "Weapon_Mace_Primary_Swing_Left_Damage",
          "DamageCalculator": {
            "BaseDamage": {
              "Physical": 45
            }
          },
          "DamageEffects": {
            "WorldSoundEventId": "SFX_Mace_T2_Impact",
            "LocalSoundEventId": "SFX_Mace_T2_Impact"
          }
        },
        {
          "Type": "Simple",
          "Effects": {
            "Particles": [
              {
                "SystemId": "Lightning",
                "TargetEntityPart": "Self"
              }
            ]
          }
        }
      ]
    },
    "Swing_Right_Damage": {
      "Interactions": [
        {
          "Parent": "Weapon_Maelstrom_Primary_Swing_Right_Damage",
          "DamageCalculator": {
            "BaseDamage": {
              "Physical": 45
            }
          },
          "DamageEffects": {
            "WorldSoundEventId": "SFX_Mace_T2_Impact",
            "LocalSoundEventId": "SFX_Mace_T2_Impact"
          }
        },
        {
          "Type": "Simple",
          "Effects": {
            "Particles": [
              {
                "SystemId": "Lightning",
                "TargetEntityPart": "Self"
              }
            ]
          }
        }
      ]
    },
    "Swing_Up_Left_Damage": {
      "Interactions": [
        {
          "Parent": "Weapon_Maelstrom_Primary_Swing_Up_Left_Damage",
          "DamageCalculator": {
            "BaseDamage": {
              "Physical": 45
            }
          },
          "DamageEffects": {
            "WorldSoundEventId": "SFX_Mace_T2_Impact",
            "LocalSoundEventId": "SFX_Mace_T2_Impact"
          }
        },
        {
          "Type": "Simple",
          "Effects": {
            "Particles": [
              {
                "SystemId": "Lightning",
                "TargetEntityPart": "Self"
              }
            ]
          }
        }
      ]
    },
    "Swing_Left_Charged_Damage": {
      "Interactions": [
        {
          "Parent": "Weapon_Maelstrom_Primary_Swing_Left_Charged_Damage",
          "DamageCalculator": {
            "BaseDamage": {
              "Physical": 98
            }
          },
          "EntityStatsOnHit": [
            {
              "EntityStatId": "SignatureEnergy",
              "Amount": 2
            }
          ],
          "DamageEffects": {
            "WorldSoundEventId": "SFX_Mace_T2_Impact",
            "LocalSoundEventId": "SFX_Mace_T2_Impact"
          }
        },
        {
          "Type": "Simple",
          "Effects": {
            "Particles": [
              {
                "SystemId": "Lightning",
                "TargetEntityPart": "Self"
              }
            ]
          }
        }
      ]
    },
    "Swing_Right_Charged_Damage": {
      "Interactions": [
        {
          "Parent": "Weapon_Maelstrom_Primary_Swing_Right_Charged_Damage",
          "DamageCalculator": {
            "BaseDamage": {
              "Physical": 98
            }
          },
          "EntityStatsOnHit": [
            {
              "EntityStatId": "SignatureEnergy",
              "Amount": 2
            }
          ],
          "DamageEffects": {
            "WorldSoundEventId": "SFX_Mace_T2_Impact",
            "LocalSoundEventId": "SFX_Mace_T2_Impact"
          }
        },
        {
          "Type": "Simple",
          "Effects": {
            "Particles": [
              {
                "SystemId": "Lightning",
                "TargetEntityPart": "Self"
              }
            ]
          }
        }
      ]
    },
    "Swing_Up_Left_Charged_Damage": {
      "Interactions": [
        {
          "Parent": "Weapon_Maelstrom_Primary_Swing_Up_Left_Charged_Damage",
          "DamageCalculator": {
            "BaseDamage": {
              "Physical": 98
            }
          },
          "EntityStatsOnHit": [
            {
              "EntityStatId": "SignatureEnergy",
              "Amount": 2
            }
          ],
          "DamageEffects": {
            "WorldSoundEventId": "SFX_Mace_T2_Impact",
            "LocalSoundEventId": "SFX_Mace_T2_Impact"
          }
        },
        {
          "Type": "Simple",
          "Effects": {
            "Particles": [
              {
                "SystemId": "Lightning",
                "TargetEntityPart": "Self"
              }
            ]
          }
        }
      ]
    },
    "Groundslam_Damage": {
      "Interactions": [
        {
          "Parent": "Weapon_Maelstrom_Signature_Groundslam_Damage",
          "DamageCalculator": {
            "BaseDamage": {
              "Physical": 188
            }
          },
          "EntityStatsOnHit": [],
          "DamageEffects": {
            "WorldSoundEventId": "SFX_Mace_T2_Impact",
            "LocalSoundEventId": "SFX_Mace_T2_Impact"
          }
        },
        {
          "Type": "Simple",
          "Effects": {
            "Particles": [
              {
                "SystemId": "Lightning",
                "TargetEntityPart": "Self"
              }
            ]
          }
        }
      ]
    },
    "Guard_Wield": {
      "Interactions": [
        {
          "Parent": "Weapon_Maelstrom_Secondary_Guard_Wield",
          "StaminaCost": {
            "Value": 10,
            "CostType": "Damage"
          }
        }
      ]
    }
  },
  "MaxDurability": 260,
  "DurabilityLossOnHit": 0.5,
  "IconProperties": {
    "Scale": 0.37,
    "Rotation": [
      45,
      90,
      0
    ],
    "Translation": [
      -24.6,
      -24.6
    ]
  },
  "Categories": [
    "Items.Weapons"
  ],
  "Reticle": "MaceMelee",
  "MaxStack": 1,
  "ItemSoundSetId": "ISS_Weapon_Blunt_Large",
  "DroppedItemAnimation": "Items/Animations/Dropped/Dropped_Diagonal_Left.blockyanim",
  "Weapon": {
    "EntityStatsToClear": [
      "SignatureEnergy"
    ],
    "StatModifiers": {
      "SignatureEnergy": [
        {
          "Amount": 8,
          "CalculationType": "Additive"
        }
      ]
    }
  },
  "Interactions": {
    "Primary": "Root_Weapon_Maelstrom_Primary",
    "Secondary": "Root_Weapon_Maelstrom_Secondary_Guard",
    "Ability1": "Root_Weapon_Maelstrom_Signature_Groundslam"
  },
  "PlayerAnimationsId": "Mace",
  "Trails": [
    {
      "TrailId": "Medium_Default",
      "TargetEntityPart": "PrimaryItem",
      "TargetNodeName": "Head",
      "PositionOffset": {
        "Z": 0.05,
        "Y": 0,
        "X": 0
      },
      "RotationOffset": {
        "Roll": 0,
        "Yaw": 0,
        "Pitch": -90
      }
    }
  ],
  "Model": "Items/Weapons/Mace/Mjollnir.blockymodel",
  "Icon": "Icons/ItemsGenerated/WanMine_mjollnir_Mace.png"
}
