{
  "TranslationProperties": {
    "Name": "wanmine.items.Weapon_Mace_Helioram.name",
    "Description": "wanmine.items.Weapon_Mace_Helioram.description"
  },
  "Model": "Items/Weapons/Mace/Helioram.blockymodel",
  "Texture": "Items/Weapons/Mace/Helioram.png",
  "Quality": "Relic",
  "ItemLevel": 65,
  "Recipe": {
    "TimeSeconds": 5,
    "KnowledgeRequired": false,
    "Input": [
      {
        "ItemId": "Ingredient_Bar_Adamantite",
        "Quantity": 27
      },
      {
        "ItemId": "Ingredient_Leather_Heavy",
        "Quantity": 10
      },
      {
        "ItemId": "Ingredient_Void_Essence",
        "Quantity": 30
      },
      {
        "ItemId": "Ingredient_Voidheart",
        "Quantity": 1
      }
    ],
    "BenchRequirement": [
      {
        "Type": "Crafting",
        "Categories": [
          "Weapon_Mace"
        ],
        "Id": "Weapon_Bench",
        "RequiredTierLevel": 3
      }
    ]
  },
  "InteractionVars": {
    "Swing_Left_Damage": {
      "Interactions": [
        {
          "Parent": "Weapon_Mace_Primary_Swing_Left_Damage",
          "DamageCalculator": {
            "BaseDamage": {
              "Physical": 47
            }
          },
          "DamageEffects": {
            "WorldSoundEventId": "SFX_Mace_T2_Impact",
            "LocalSoundEventId": "SFX_Mace_T2_Impact"
          }
        }
      ]
    },
    "Swing_Right_Damage": {
      "Interactions": [
        {
          "Parent": "Weapon_Maelstrom_Primary_Swing_Right_Damage",
          "DamageCalculator": {
            "BaseDamage": {
              "Physical": 47
            }
          },
          "DamageEffects": {
            "WorldSoundEventId": "SFX_Mace_T2_Impact",
            "LocalSoundEventId": "SFX_Mace_T2_Impact"
          }
        }
      ]
    },
    "Swing_Up_Left_Damage": {
      "Interactions": [
        {
          "Parent": "Weapon_Maelstrom_Primary_Swing_Up_Left_Damage",
          "DamageCalculator": {
            "BaseDamage": {
              "Physical": 47
            }
          },
          "DamageEffects": {
            "WorldSoundEventId": "SFX_Mace_T2_Impact",
            "LocalSoundEventId": "SFX_Mace_T2_Impact"
          }
        }
      ]
    },
    "Swing_Left_Charged_Damage": {
      "Interactions": [
        {
          "Parent": "Weapon_Maelstrom_Primary_Swing_Left_Charged_Damage",
          "DamageCalculator": {
            "BaseDamage": {
              "Physical": 100
            }
          },
          "EntityStatsOnHit": [
            {
              "EntityStatId": "SignatureEnergy",
              "Amount": 2
            }
          ],
          "DamageEffects": {
            "WorldSoundEventId": "SFX_Mace_T2_Impact",
            "LocalSoundEventId": "SFX_Mace_T2_Impact"
          }
        }
      ]
    },
    "Swing_Right_Charged_Damage": {
      "Interactions": [
        {
          "Parent": "Weapon_Maelstrom_Primary_Swing_Right_Charged_Damage",
          "DamageCalculator": {
            "BaseDamage": {
              "Physical": 100
            }
          },
          "EntityStatsOnHit": [
            {
              "EntityStatId": "SignatureEnergy",
              "Amount": 2
            }
          ],
          "DamageEffects": {
            "WorldSoundEventId": "SFX_Mace_T2_Impact",
            "LocalSoundEventId": "SFX_Mace_T2_Impact"
          }
        }
      ]
    },
    "Swing_Up_Left_Charged_Damage": {
      "Interactions": [
        {
          "Parent": "Weapon_Maelstrom_Primary_Swing_Up_Left_Charged_Damage",
          "DamageCalculator": {
            "BaseDamage": {
              "Physical": 100
            }
          },
          "EntityStatsOnHit": [
            {
              "EntityStatId": "SignatureEnergy",
              "Amount": 2
            }
          ],
          "DamageEffects": {
            "WorldSoundEventId": "SFX_Mace_T2_Impact",
            "LocalSoundEventId": "SFX_Mace_T2_Impact"
          }
        }
      ]
    },
    "Groundslam_Damage": {
      "Interactions": [
        {
          "Parent": "Weapon_Maelstrom_Signature_Groundslam_Damage",
          "DamageCalculator": {
            "BaseDamage": {
              "Physical": 195
            }
          },
          "EntityStatsOnHit": [],
          "DamageEffects": {
            "WorldSoundEventId": "SFX_Mace_T2_Impact",
            "LocalSoundEventId": "SFX_Mace_T2_Impact"
          }
        }
      ]
    },
    "Guard_Wield": {
      "Interactions": [
        {
          "Parent": "Weapon_Maelstrom_Secondary_Guard_Wield",
          "StaminaCost": {
            "Value": 10,
            "CostType": "Damage"
          }
        }
      ]
    }
  },
  "MaxDurability": 250,
  "DurabilityLossOnHit": 0.5,
  "IconProperties": {
    "Scale": 0.3,
    "Rotation": [
      45,
      90,
      0
    ],
    "Translation": [
      -30,
      -31
    ]
  },
  "Categories": [
    "Items.Weapons"
  ],
  "Reticle": "MaceMelee",
  "MaxStack": 1,
  "ItemSoundSetId": "ISS_Weapon_Blunt_Large",
  "DroppedItemAnimation": "Items/Animations/Dropped/Dropped_Diagonal_Left.blockyanim",
  "Weapon": {
    "EntityStatsToClear": [
      "SignatureEnergy"
    ],
    "StatModifiers": {
      "SignatureEnergy": [
        {
          "Amount": 8,
          "CalculationType": "Additive"
        }
      ]
    }
  },
  "Interactions": {
    "Primary": "Root_Weapon_Maelstrom_Primary",
    "Secondary": "Root_Weapon_Maelstrom_Secondary_Guard",
    "Ability1": "Root_Weapon_Maelstrom_Signature_Groundslam"
  },
  "PlayerAnimationsId": "Mace",
  "Trails": [
    {
      "TrailId": "Fire_Trap_Fire",
      "TargetEntityPart": "PrimaryItem",
      "TargetNodeName": "Handle",
      "PositionOffset": {
        "Z": 0,
        "Y": 0,
        "X": 0.1
      },
      "RotationOffset": {
        "Roll": -60,
        "Yaw": 0,
        "Pitch": 0
      }
    }
  ],
  "Icon": "Icons/ItemsGenerated/WanMine_Helioram_Mace.png"
}
