{
  "Icon": "Icons/ItemsGenerated/NoCube_Bench_Orchard.png",
  "Categories": [
    "Furniture.Benches"
  ],
  "BlockType": {
    "Material": "Solid",
    "DrawType": "Model",
    "Opacity": "Transparent",
    "CustomModel": "Blocks/Benches/NoCube_Bench_Orchard.blockymodel",
    "CustomModelTexture": [
      {
        "Texture": "Blocks/Benches/NoCube_Bench_Orchard.png",
        "Weight": 1
      }
    ],
    "HitboxType": "Bench_Farming",
    "VariantRotation": "NESW",
    "Bench": {
      "Type": "Crafting",
      "Categories": [
        {
          "Id": "NoCube_Bench_Orchard_Main",
          "Icon": "Icons/CraftingCategories/NoCube_Bench_Orchard/Main.png",
          "Name": "server.benchCategories.NoCube_Orchard_Bench.Main"
        },
        {
          "Id": "NoCube_Bench_Orchard_Saplings",
          "Icon": "Icons/CraftingCategories/NoCube_Bench_Orchard/Saplings.png",
          "Name": "server.benchCategories.NoCube_Orchard_Bench.Saplings"
        }
      ],
      "LocalOpenSoundEventId": "SFX_Bench_Placeholder",
      "LocalCloseSoundEventId": "SFX_Bench_Placeholder",
      "CompletedSoundEventId": "SFX_Bench_Placeholder",
      "BenchUpgradeSoundEventId": "SFX_Workbench_Upgrade_Start_Default",
      "BenchUpgradeCompletedSoundEventId": "SFX_Workbench_Upgrade_Complete_Default",
      "Id": "NoCube_Bench_Orchard",
      "TierLevels": [
        {
          "CraftingTimeReductionModifier": 0.0,
          "UpgradeRequirement": {
            "Material": [
              {
                "ItemId": "Ingredient_Life_Essence",
                "Quantity": 10
              },
              {
                "ItemId": "Plant_Fruit_Apple",
                "Quantity": 5
              },
              {
                "ItemId": "NoCube_Plant_Fruit_Pear",
                "Quantity": 5
              },
              {
                "ItemId": "NoCube_Ingredient_Tree_Fertilizer",
                "Quantity": 5
              }
            ],
            "TimeSeconds": 1
          }
        },
        {
          "CraftingTimeReductionModifier": 0.15,
          "UpgradeRequirement": {
            "TimeSeconds": 1,
            "Material": [
              {
                "ItemId": "Ingredient_Life_Essence",
                "Quantity": 25
              },
              {
                "ItemId": "NoCube_Plant_Fruit_Plum",
                "Quantity": 10
              },
              {
                "ItemId": "NoCube_Plant_Fruit_Apricot",
                "Quantity": 10
              },
              {
                "ItemId": "NoCube_Ingredient_Tree_Fertilizer",
                "Quantity": 10
              }
            ]
          }
        },
        {
          "CraftingTimeReductionModifier": 0.3,
          "UpgradeRequirement": {
            "TimeSeconds": 1,
            "Material": [
              {
                "ItemId": "Ingredient_Life_Essence",
                "Quantity": 50
              },
              {
                "ItemId": "NoCube_Plant_Fruit_Orange",
                "Quantity": 15
              },
              {
                "ItemId": "NoCube_Plant_Fruit_Peach",
                "Quantity": 15
              },
              {
                "ItemId": "NoCube_Ingredient_Tree_Fertilizer",
                "Quantity": 15
              }
            ]
          }
        },
        {
          "UpgradeRequirement": {
            "Material": [
              {
                "ItemId": "Ingredient_Life_Essence",
                "Quantity": 100
              },
              {
                "ItemId": "NoCube_Plant_Fruit_Pomegranate",
                "Quantity": 20
              },
              {
                "ItemId": "NoCube_Plant_Fruit_Mandarin",
                "Quantity": 20
              },
              {
                "ItemId": "NoCube_Ingredient_Tree_Fertilizer",
                "Quantity": 20
              }
            ],
            "TimeSeconds": 1
          }
        }
      ]
    },
    "State": {
      "Id": "crafting",
      "Definitions": {
        "CraftCompleted": {}
      }
    },
    "Gathering": {
      "Breaking": {
        "GatherType": "Benches"
      }
    },
    "BlockParticleSetId": "Wood",
    "ParticleColor": "#815c39",
    "Support": {
      "Down": [
        {
          "FaceType": "Full"
        }
      ]
    },
    "BlockSoundSetId": "Wood"
  },
  "PlayerAnimationsId": "Block",
  "IconProperties": {
    "Scale": 0.35,
    "Rotation": [
      22.5,
      45,
      22.5
    ],
    "Translation": [
      11.4,
      -19.8
    ]
  },
  "Tags": {
    "Type": [
      "Bench"
    ]
  },
  "Recipe": {
    "TimeSeconds": 1,
    "Input": [
      {
        "ResourceTypeId": "Wood_Trunk",
        "Quantity": 10
      },
      {
        "ResourceTypeId": "Soils",
        "Quantity": 10
      },
      {
        "ItemId": "Ingredient_Hide_Light",
        "Quantity": 2
      },
      {
        "ItemId": "Ingredient_Life_Essence",
        "Quantity": 2
      }
    ],
    "BenchRequirement": [
      {
        "Type": "Crafting",
        "Id": "Workbench",
        "Categories": [
          "Workbench_Crafting"
        ]
      }
    ]
  },
  "MaxStack": 1,
  "ItemLevel": 4,
  "ItemSoundSetId": "ISS_Blocks_Wood"
}
