{
  "Categories": [
    "Furniture.Benches"
  ],
  "Recipe": {
    "Input": [
      {
        "ResourceTypeId": "Wood_Trunk",
        "Quantity": 10
      },
      {
        "ItemId": "Container_Bucket",
        "Quantity": 1
      },
      {
        "ItemId": "Ingredient_Bar_Copper",
        "Quantity": 3
      }
    ],
    "BenchRequirement": [
      {
        "Type": "Crafting",
        "Categories": [
          "NoCube_Bench_Orchard_Main"
        ],
        "Id": "NoCube_Bench_Orchard",
        "RequiredTierLevel": 2
      }
    ]
  },
  "BlockType": {
    "Material": "Solid",
    "DrawType": "Model",
    "ParticleColor": "#815c39",
    "Opacity": "Transparent",
    "CustomModel": "Blocks/Benches/NoCube_Fruit_Press.blockymodel",
    "CustomModelTexture": [
      {
        "Weight": 1,
        "Texture": "Blocks/Benches/NoCube_Fruit_Press.png"
      }
    ],
    "CustomModelScale": 1,
    "HitboxType": "Bench_Campfire",
    "Flags": {
      "IsStackable": false
    },
    "Bench": {
      "Type": "Processing",
      "Input": [
        {}
      ],
      "ExtraOutput": {
        "Outputs": []
      },
      "OutputSlotsCount": 4,
      "Id": "NoCube_Bench_Fruit_Press",
      "IconItem": "Bench_Campfire",
      "Icon": "Campfire.png",
      "LocalOpenSoundEventId": "SFX_Workbench_Open",
      "LocalCloseSoundEventId": "SFX_Workbench_Close",
      "EndSoundEventId": "SFX_Campfire_Processing_End",
      "FailedSoundEventId": "SFX_Campfire_Processing_Failed",
      "TierLevels": [
        {
          "UpgradeRequirement": {
            "Material": [
              {
                "ResourceTypeId": "Wood_Trunk",
                "Quantity": 10
              },
              {
                "ResourceTypeId": "Rock",
                "Quantity": 10
              },
              {
                "ItemId": "Ingredient_Tree_Sap",
                "Quantity": 10
              },
              {
                "ItemId": "Ingredient_Bar_Iron",
                "Quantity": 3
              }
            ],
            "TimeSeconds": 1
          },
          "CraftingTimeReductionModifier": 0.0
        },
        {
          "CraftingTimeReductionModifier": 0.3,
          "ExtraInputSlot": 1
        }
      ]
    },
    "State": {
      "Id": "processingBench",
      "Definitions": {
        "Processing": {
          "Looping": true,
          "CustomModelAnimation": "Blocks/Benches/NoCube_Fruit_Press_Use.blockyanim",
          "CustomModel": "Blocks/Benches/NoCube_Fruit_Press.blockymodel",
          "CustomModelTexture": [
            {
              "Weight": 1,
              "Texture": "Blocks/Benches/NoCube_Fruit_Press.png"
            }
          ]
        },
        "ProcessCompleted": {
          "CustomModel": "Blocks/Benches/NoCube_Fruit_Press.blockymodel",
          "CustomModelTexture": [
            {
              "Weight": 1,
              "Texture": "Blocks/Benches/NoCube_Fruit_Press.png"
            }
          ],
          "Looping": true
        }
      }
    },
    "Gathering": {
      "Breaking": {
        "GatherType": "Benches"
      }
    },
    "BlockParticleSetId": "Wood",
    "Support": {
      "Down": [
        {
          "FaceType": "Full"
        }
      ]
    },
    "VariantRotation": "NESW",
    "Looping": true,
    "Interactions": {
      "Use": "Open_Processing_Bench"
    }
  },
  "PlayerAnimationsId": "Block",
  "IconProperties": {
    "Scale": 0.58823,
    "Rotation": [
      22.5,
      45,
      22.5
    ],
    "Translation": [
      0,
      -14
    ]
  },
  "Icon": "Icons/ItemsGenerated/NoCube_Bench_Fruit_Press.png",
  "Tags": {
    "Type": [
      "Bench"
    ]
  },
  "MaxStack": 10,
  "ItemSoundSetId": "ISS_Blocks_Wood"
}
