{
  "BlockType": {
    "CustomModelTexture": [
      {
        "Texture": "Blocks/Furniture/Contemporary/Couch/Couch_Orange.png",
        "Weight": 1
      }
    ],
    "DrawType": "Model"
  },
  "Parent": "Violet_Couch_Contemporary_White",
  "Icon": "Icons/ItemsGenerated/Violet_Couch_Contemporary_Orange.png",
  "IconProperties": {
    "Scale": 0.45,
    "Rotation": [
      22.5,
      45,
      22.5
    ],
    "Translation": [
      12,
      -7
    ]
  },
  "Quality": "Violet_Furniture_Customisable"
}
