{
  "TranslationProperties": {
    "Name": "wanmine.items.Weapon_Dagger_Ashthorn.name",
    "Description": "wanmine.items.Weapon_Dagger_Ashthorn.description"
  },
  "Model": "Items/Weapons/Dagger/Dagger.blockymodel",
  "Quality": "Relic",
  "ItemLevel": 55,
  "Recipe": {
    "TimeSeconds": 5,
    "KnowledgeRequired": false,
    "Input": [
      {
        "ItemId": "Ingredient_Bar_Adamantite",
        "Quantity": 27
      },
      {
        "ItemId": "Ingredient_Leather_Heavy",
        "Quantity": 10
      },
      {
        "ItemId": "Ingredient_Void_Essence",
        "Quantity": 30
      },
      {
        "ItemId": "Ingredient_Voidheart",
        "Quantity": 1
      }
    ],
    "BenchRequirement": [
      {
        "Type": "Crafting",
        "Categories": [
          "Weapon_Daggers"
        ],
        "Id": "Weapon_Bench",
        "RequiredTierLevel": 3
      }
    ]
  },
  "InteractionVars": {
    "Swing_Left_Damage": {
      "Interactions": [
        {
          "Parent": "Weapon_Daggers_Primary_Swing_Left_Damage",
          "DamageCalculator": {
            "BaseDamage": {
              "Physical": 5
            }
          },
          "DamageEffects": {
            "WorldSoundEventId": "SFX_Daggers_T2_Slash_Impact",
            "LocalSoundEventId": "SFX_Daggers_T2_Slash_Impact"
          },
          "AngledDamage": []
        }
      ]
    },
    "Swing_Right_Damage": {
      "Interactions": [
        {
          "Parent": "Weapon_Daggers_Primary_Swing_Right_Damage",
          "DamageCalculator": {
            "BaseDamage": {
              "Physical": 6
            }
          },
          "DamageEffects": {
            "WorldSoundEventId": "SFX_Daggers_T2_Slash_Impact",
            "LocalSoundEventId": "SFX_Daggers_T2_Slash_Impact"
          },
          "AngledDamage": []
        }
      ]
    },
    "Stab_Left_Damage": {
      "Interactions": [
        {
          "Parent": "Weapon_Daggers_Primary_Stab_Left_Damage",
          "DamageCalculator": {
            "BaseDamage": {
              "Physical": 12
            }
          },
          "DamageEffects": {
            "WorldSoundEventId": "SFX_Daggers_T2_Stab_Impact",
            "LocalSoundEventId": "SFX_Daggers_T2_Stab_Impact"
          },
          "AngledDamage": []
        }
      ]
    },
    "Stab_Right_Damage": {
      "Interactions": [
        {
          "Parent": "Weapon_Daggers_Primary_Stab_Right_Damage",
          "DamageCalculator": {
            "BaseDamage": {
              "Physical": 14
            }
          },
          "DamageEffects": {
            "WorldSoundEventId": "SFX_Daggers_T2_Stab_Impact",
            "LocalSoundEventId": "SFX_Daggers_T2_Stab_Impact"
          },
          "AngledDamage": []
        }
      ]
    },
    "Pounce_Sweep_Damage": {
      "Interactions": [
        {
          "Parent": "Weapon_Daggers_Primary_Pounce_Sweep_Damage",
          "DamageCalculator": {
            "BaseDamage": {
              "Physical": 51
            }
          },
          "EntityStatsOnHit": [
            {
              "EntityStatId": "SignatureEnergy",
              "Amount": 3
            }
          ],
          "DamageEffects": {
            "WorldSoundEventId": "SFX_Daggers_T2_Slash_Impact",
            "LocalSoundEventId": "SFX_Daggers_T2_Slash_Impact"
          },
          "AngledDamage": [
            {
              "Angle": 180,
              "AngleDistance": 80,
              "DamageEffects": {
                "Knockback": {
                  "Direction": {
                    "X": 0,
                    "Y": 2,
                    "Z": -3
                  },
                  "Type": "Force",
                  "Force": 6,
                  "VelocityType": "Set",
                  "VelocityConfig": {
                    "AirResistance": 0.99,
                    "AirResistanceMax": 0.98,
                    "GroundResistance": 0.94,
                    "GroundResistanceMax": 0.3,
                    "Threshold": 3.0,
                    "Style": "Linear"
                  }
                },
                "WorldParticles": [
                  {
                    "SystemId": "Impact_Critical",
                    "Scale": 1,
                    "RotationOffset": {
                      "Yaw": 180,
                      "Pitch": 0,
                      "Roll": 0
                    }
                  }
                ],
                "LocalSoundEventId": "SFX_Daggers_T2_Slash_Impact",
                "WorldSoundEventId": "SFX_Daggers_T2_Slash_Impact"
              },
              "DamageCalculator": {
                "BaseDamage": {
                  "Physical": 95
                }
              }
            }
          ]
        }
      ]
    },
    "Pounce_Stab_Damage": {
      "Interactions": [
        {
          "Parent": "Weapon_Daggers_Primary_Pounce_Stab_Damage",
          "DamageCalculator": {
            "BaseDamage": {
              "Physical": 51
            }
          },
          "EntityStatsOnHit": [
            {
              "EntityStatId": "SignatureEnergy",
              "Amount": 5
            }
          ],
          "DamageEffects": {
            "WorldSoundEventId": "SFX_Daggers_T2_Stab_Impact",
            "LocalSoundEventId": "SFX_Daggers_T2_Stab_Impact"
          },
          "AngledDamage": [
            {
              "Angle": 180,
              "AngleDistance": 80,
              "DamageEffects": {
                "Knockback": {
                  "Direction": {
                    "X": 0,
                    "Y": 1,
                    "Z": -2
                  },
                  "Type": "Force",
                  "Force": 5,
                  "VelocityType": "Set",
                  "VelocityConfig": {
                    "AirResistance": 0.99,
                    "AirResistanceMax": 0.98,
                    "GroundResistance": 0.94,
                    "GroundResistanceMax": 0.3,
                    "Threshold": 3.0,
                    "Style": "Linear"
                  }
                },
                "WorldParticles": [
                  {
                    "SystemId": "Impact_Critical",
                    "Scale": 1,
                    "RotationOffset": {
                      "Yaw": 180,
                      "Pitch": 0,
                      "Roll": 0
                    }
                  }
                ],
                "LocalSoundEventId": "SFX_Daggers_T2_Stab_Impact",
                "WorldSoundEventId": "SFX_Daggers_T2_Stab_Impact"
              },
              "DamageCalculator": {
                "BaseDamage": {
                  "Physical": 59
                }
              }
            }
          ]
        }
      ]
    },
    "Razorstrike_Slash_Damage": {
      "Interactions": [
        {
          "Parent": "Weapon_Daggers_Signature_Razorstrike_Slash_Damage",
          "DamageCalculator": {
            "BaseDamage": {
              "Physical": 51
            }
          },
          "EntityStatsOnHit": [],
          "DamageEffects": {
            "WorldSoundEventId": "SFX_Daggers_T2_Slash_Impact",
            "LocalSoundEventId": "SFX_Daggers_T2_Slash_Impact"
          },
          "AngledDamage": [
            {
              "Angle": 180,
              "AngleDistance": 80,
              "DamageEffects": {
                "Knockback": {
                  "Direction": {
                    "X": 0,
                    "Y": 1,
                    "Z": -2
                  },
                  "Type": "Force",
                  "Force": 7,
                  "VelocityType": "Set",
                  "VelocityConfig": {
                    "AirResistance": 0.99,
                    "AirResistanceMax": 0.98,
                    "GroundResistance": 0.94,
                    "GroundResistanceMax": 0.3,
                    "Threshold": 3.0,
                    "Style": "Linear"
                  }
                },
                "WorldParticles": [
                  {
                    "SystemId": "Impact_Critical",
                    "Scale": 1,
                    "RotationOffset": {
                      "Yaw": 180,
                      "Pitch": 0,
                      "Roll": 0
                    }
                  }
                ],
                "LocalSoundEventId": "SFX_Daggers_T2_Slash_Impact",
                "WorldSoundEventId": "SFX_Daggers_T2_Slash_Impact"
              },
              "DamageCalculator": {
                "BaseDamage": {
                  "Physical": 80
                }
              }
            }
          ]
        },
        {
          "Type": "ApplyEffect",
          "EffectId": "Burn",
          "Entity": "Target"
        }
      ]
    },
    "Razorstrike_Sweep_Damage": {
      "Interactions": [
        {
          "Parent": "Weapon_Daggers_Signature_Razorstrike_Sweep_Damage",
          "DamageCalculator": {
            "BaseDamage": {
              "Physical": 65
            }
          },
          "EntityStatsOnHit": [],
          "DamageEffects": {
            "WorldSoundEventId": "SFX_Daggers_T2_Slash_Impact",
            "LocalSoundEventId": "SFX_Daggers_T2_Slash_Impact"
          },
          "AngledDamage": [
            {
              "Angle": 180,
              "AngleDistance": 80,
              "DamageEffects": {
                "Knockback": {
                  "Direction": {
                    "X": 0,
                    "Y": 1,
                    "Z": -1
                  },
                  "Type": "Force",
                  "Force": 7,
                  "VelocityType": "Set",
                  "VelocityConfig": {
                    "AirResistance": 0.99,
                    "AirResistanceMax": 0.98,
                    "GroundResistance": 0.94,
                    "GroundResistanceMax": 0.3,
                    "Threshold": 3.0,
                    "Style": "Linear"
                  }
                },
                "WorldParticles": [
                  {
                    "SystemId": "Impact_Critical",
                    "Scale": 1,
                    "RotationOffset": {
                      "Yaw": 180,
                      "Pitch": 0,
                      "Roll": 0
                    }
                  }
                ],
                "LocalSoundEventId": "SFX_Daggers_T2_Slash_Impact",
                "WorldSoundEventId": "SFX_Daggers_T2_Slash_Impact"
              },
              "DamageCalculator": {
                "BaseDamage": {
                  "Physical": 100
                }
              }
            }
          ]
        },
        {
          "Type": "ApplyEffect",
          "Entity": "Target",
          "EffectId": "Burn"
        }
      ]
    },
    "Razorstrike_Lunge_Damage": {
      "Interactions": [
        {
          "Parent": "Weapon_Daggers_Signature_Razorstrike_Lunge_Damage",
          "DamageCalculator": {
            "BaseDamage": {
              "Physical": 87
            }
          },
          "EntityStatsOnHit": [],
          "DamageEffects": {
            "WorldSoundEventId": "SFX_Daggers_T2_Slash_Impact",
            "LocalSoundEventId": "SFX_Daggers_T2_Slash_Impact"
          },
          "AngledDamage": [
            {
              "Angle": 180,
              "AngleDistance": 80,
              "DamageEffects": {
                "Knockback": {
                  "Direction": {
                    "X": 0,
                    "Y": 2,
                    "Z": -3
                  },
                  "Type": "Force",
                  "Force": 12,
                  "VelocityType": "Set",
                  "VelocityConfig": {
                    "AirResistance": 0.99,
                    "AirResistanceMax": 0.98,
                    "GroundResistance": 0.94,
                    "GroundResistanceMax": 0.3,
                    "Threshold": 3.0,
                    "Style": "Linear"
                  }
                },
                "WorldParticles": [
                  {
                    "SystemId": "Impact_Critical",
                    "Scale": 1,
                    "RotationOffset": {
                      "Yaw": 180,
                      "Pitch": 0,
                      "Roll": 0
                    }
                  }
                ],
                "LocalSoundEventId": "SFX_Daggers_T2_Slash_Impact",
                "WorldSoundEventId": "SFX_Daggers_T2_Slash_Impact"
              },
              "DamageCalculator": {
                "BaseDamage": {
                  "Physical": 120
                }
              }
            }
          ]
        },
        {
          "Type": "ApplyEffect",
          "EffectId": "Burn",
          "Entity": "Target"
        }
      ]
    },
    "Guard_Wield": {
      "Interactions": [
        {
          "Parent": "Weapon_Daggers_Secondary_Guard_Wield",
          "StaminaCost": {
            "Value": 6,
            "CostType": "Damage"
          }
        }
      ]
    }
  },
  "MaxDurability": 250,
  "DurabilityLossOnHit": 0.1,
  "Texture": "Items/Weapons/Dagger/Ashthorn.png",
  "Icon": "Icons/ItemsGenerated/WanMine_Ashthorn_Dagger.png",
  "IconProperties": {
    "Scale": 0.37,
    "Rotation": [
      45,
      90,
      0
    ],
    "Translation": [
      -24,
      -21
    ]
  },
  "Tags": {
    "Type": [
      "Weapon"
    ],
    "Family": [
      "Dagger"
    ]
  },
  "Categories": [
    "Items.Weapons"
  ],
  "Reticle": "DefaultMelee",
  "ItemSoundSetId": "ISS_Weapon_Blade_Small",
  "MaxStack": 1,
  "PlayerAnimationsId": "Daggers",
  "DroppedItemAnimation": "Items/Animations/Dropped/Dropped_Diagonal_Left.blockyanim",
  "Light": {
    "Color": "#300",
    "Radius": 1
  },
  "Weapon": {
    "EntityStatsToClear": [
      "SignatureEnergy"
    ],
    "StatModifiers": {
      "SignatureEnergy": [
        {
          "Amount": 27,
          "CalculationType": "Additive"
        }
      ]
    },
    "RenderDualWielded": true
  },
  "Utility": {
    "Compatible": false
  },
  "Interactions": {
    "Primary": "Root_Weapon_Daggers_Primary",
    "Secondary": "Root_Weapon_Daggers_Secondary_Guard",
    "Ability1": "Root_Weapon_Daggers_Signature_Razorstrike"
  },
  "ItemAppearanceConditions": {
    "SignatureEnergy": [
      {
        "Condition": [
          100,
          100
        ],
        "ConditionValueType": "Percent",
        "Particles": [
          {
            "SystemId": "Daggers_Signature_Ready",
            "TargetNodeName": "Handle",
            "PositionOffset": {
              "X": 0.5
            },
            "TargetEntityPart": "PrimaryItem"
          },
          {
            "SystemId": "Sword_Signature_Status_Spawn",
            "TargetNodeName": "Handle",
            "PositionOffset": {
              "X": 0.4
            },
            "TargetEntityPart": "PrimaryItem",
            "Scale": 0.7
          },
          {
            "SystemId": "Dagger_Signature_Status",
            "TargetNodeName": "Handle",
            "PositionOffset": {
              "X": 0.4
            },
            "TargetEntityPart": "PrimaryItem"
          },
          {
            "SystemId": "Daggers_Signature_Ready",
            "TargetNodeName": "Handle",
            "PositionOffset": {
              "X": 0.5
            },
            "TargetEntityPart": "SecondaryItem"
          },
          {
            "SystemId": "Sword_Signature_Status_Spawn",
            "TargetNodeName": "Handle",
            "PositionOffset": {
              "X": 0.4
            },
            "TargetEntityPart": "SecondaryItem",
            "Scale": 0.7
          },
          {
            "SystemId": "Dagger_Signature_Status",
            "TargetNodeName": "Handle",
            "PositionOffset": {
              "X": 0.4
            },
            "TargetEntityPart": "SecondaryItem"
          }
        ],
        "ModelVFXId": "Sword_Signature_Status",
        "FirstPersonParticles": [
          {
            "SystemId": "Daggers_Signature_Ready",
            "TargetNodeName": "Handle",
            "PositionOffset": {
              "X": 0.5
            },
            "TargetEntityPart": "PrimaryItem"
          },
          {
            "SystemId": "Dagger_Signature_Status",
            "TargetNodeName": "Handle",
            "PositionOffset": {
              "X": 0.4
            },
            "TargetEntityPart": "PrimaryItem"
          },
          {
            "SystemId": "Daggers_Signature_Ready",
            "TargetNodeName": "Handle",
            "PositionOffset": {
              "X": 0.5
            },
            "TargetEntityPart": "SecondaryItem"
          },
          {
            "SystemId": "Dagger_Signature_Status",
            "TargetNodeName": "Handle",
            "PositionOffset": {
              "X": 0.4
            },
            "TargetEntityPart": "SecondaryItem"
          }
        ]
      }
    ]
  },
  "Trails": [
    {
      "TrailId": "Small_Flame",
      "FixedRotation": false,
      "TargetEntityPart": "PrimaryItem",
      "PositionOffset": {
        "Y": 0,
        "X": 0.35
      },
      "TargetNodeName": "Blade",
      "RotationOffset": {
        "Pitch": 0,
        "Roll": -90,
        "Yaw": 0
      }
    },
    {
      "TargetEntityPart": "SecondaryItem",
      "TargetNodeName": "Blade",
      "RotationOffset": {
        "Roll": -90
      },
      "TrailId": "Small_Flame",
      "PositionOffset": {
        "X": 0.35
      }
    }
  ]
}
