{
  "Icon": "Icons/ItemsGenerated/Violet_Couch_Antique_Yellow.png",
  "IconProperties": {
    "Scale": 0.43,
    "Rotation": [
      22.5,
      45,
      22.5
    ],
    "Translation": [
      12,
      -11
    ]
  },
  "Tags": {
    "Type": [
      "Furniture"
    ]
  },
  "Parent": "Violet_Couch_Antique_White",
  "BlockType": {
    "CustomModelTexture": [
      {
        "Texture": "Blocks/Furniture/Antique/Couch/Antique_Couch_Yellow.png",
        "Weight": 1
      }
    ],
    "DrawType": "Model",
    "Group": "Wood"
  },
  "Quality": "Violet_Furniture_Customisable"
}
