{
  "TranslationProperties": {
    "Name": "server.items.NoCube_Food_Eclair.name",
    "Description": "server.items.NoCube_Food_Eclair.description"
  },
  "Parent": "Template_Food",
  "Quality": "Epic",
  "ItemLevel": 20,
  "Categories": [
    "Items.Foods",
    "NoCube_Baking.NoCube_Baking_Pastries"
  ],
  "Icon": "Icons/ItemsGenerated/NoCube_Eclair.png",
  "BlockType": {
    "Material": "Empty",
    "DrawType": "Model",
    "Opacity": "Semitransparent",
    "CustomModel": "Items/Consumables/Food/NoCube_Eclair.blockymodel",
    "CustomModelTexture": [
      {
        "Texture": "Items/Consumables/Food/NoCube_Eclair.png",
        "Weight": 1
      }
    ],
    "HitboxType": "Food_Medium",
    "RandomRotation": "YawStep1",
    "Gathering": {
      "Harvest": {},
      "Soft": {}
    },
    "CustomModelScale": 0.5,
    "BlockParticleSetId": "Dust",
    "ParticleColor": "#e4cb69"
  },
  "$Comment": "[TMP] Updated for tiered food buff system - Bread (15% instant heal, no buff)",
  "InteractionVars": {
    "Effect": {
      "Interactions": [
        {
          "Type": "ApplyEffect",
          "EffectId": "Food_Instant_Heal_Bread"
        }
      ]
    }
  },
  "Recipe": {
    "Input": [
      {
        "ItemId": "Ingredient_Dough",
        "Quantity": 1
      },
      {
        "ItemId": "NoCube_Ingredient_Sugar",
        "Quantity": 2
      },
      {
        "ItemId": "Food_Egg",
        "Quantity": 2
      },
      {
        "ResourceTypeId": "Fuel",
        "Quantity": 3
      }
    ],
    "BenchRequirement": [
      {
        "Type": "Crafting",
        "Id": "NoCube_Bakers_Oven",
        "RequiredTierLevel": 2,
        "Categories": [
          "NoCube_Bakers_Oven_Pastries"
        ]
      }
    ],
    "TimeSeconds": 0
  },
  "Scale": 1.5,
  "MaxStack": 25,
  "DropOnDeath": true,
  "IconProperties": {
    "Scale": 0.9,
    "Rotation": [
      21,
      320,
      0
    ],
    "Translation": [
      1,
      -4
    ]
  }
}
