{
  "TranslationProperties": {
    "Name": "server.items.NoCube_Food_Bun.name",
    "Description": "server.items.NoCube_Food_Bun.description"
  },
  "Parent": "Template_Food",
  "Quality": "Rare",
  "ItemLevel": 7,
  "Categories": [
    "Items.Foods",
    "NoCube_Baking.NoCube_Baking_Pastries"
  ],
  "Icon": "Icons/ItemsGenerated/NoCube_Bun.png",
  "BlockType": {
    "Material": "Empty",
    "DrawType": "Model",
    "Opacity": "Semitransparent",
    "CustomModel": "Items/Consumables/Food/NoCube_Bun.blockymodel",
    "CustomModelTexture": [
      {
        "Texture": "Items/Consumables/Food/NoCube_Bun.png",
        "Weight": 1
      }
    ],
    "HitboxType": "Food_Medium",
    "RandomRotation": "YawStep1",
    "Gathering": {
      "Harvest": {},
      "Soft": {}
    },
    "CustomModelScale": 0.5,
    "BlockParticleSetId": "Dust",
    "ParticleColor": "#e4cb69"
  },
  "$Comment": "[TMP] Updated for tiered food buff system - Bread (15% instant heal, no buff)",
  "InteractionVars": {
    "Effect": {
      "Interactions": [
        {
          "Type": "ApplyEffect",
          "EffectId": "NoCube_Bun_Buff"
        }
      ]
    }
  },
  "Recipe": {
    "Input": [
      {
        "ItemId": "Ingredient_Dough",
        "Quantity": 1
      },
      {
        "ResourceTypeId": "Fuel",
        "Quantity": 1
      }
    ],
    "Output": [
      {
        "ItemId": "NoCube_Food_Bun",
        "Quantity": 2
      }
    ],
    "BenchRequirement": [
      {
        "Type": "Crafting",
        "Id": "NoCube_Bakers_Oven",
        "Categories": [
          "NoCube_Bakers_Oven_Pastries"
        ]
      }
    ],
    "TimeSeconds": 0
  },
  "Scale": 1.5,
  "MaxStack": 25,
  "DropOnDeath": true,
  "IconProperties": {
    "Scale": 0.8,
    "Rotation": [
      22.5,
      47,
      22.5
    ],
    "Translation": [
      0,
      -7
    ]
  }
}
