{
  "TranslationProperties": {
    "Name": "server.items.NoCube_Food_Berry_Croissant.name",
    "Description": "server.items.NoCube_Food_Berry_Croissant.description"
  },
  "Parent": "Template_Food",
  "Quality": "Epic",
  "ItemLevel": 20,
  "Categories": [
    "Items.Foods",
    "NoCube_Baking.NoCube_Baking_Pastries"
  ],
  "Icon": "Icons/ItemsGenerated/NoCube_Berry_Croissant.png",
  "BlockType": {
    "Material": "Empty",
    "DrawType": "Model",
    "Opacity": "Semitransparent",
    "CustomModel": "Items/Consumables/Food/NoCube_Berry_Croissant.blockymodel",
    "CustomModelTexture": [
      {
        "Texture": "Items/Consumables/Food/NoCube_Croissant.png",
        "Weight": 1
      }
    ],
    "HitboxType": "Food_Medium",
    "VariantRotation": "NESW",
    "Gathering": {
      "Harvest": {},
      "Soft": {}
    },
    "CustomModelScale": 0.6,
    "BlockParticleSetId": "Dust",
    "ParticleColor": "#e4cb69"
  },
  "$Comment": "[TMP] Updated for tiered food buff system - Bread (15% instant heal, no buff)",
  "InteractionVars": {
    "Effect": {
      "Interactions": [
        {
          "Type": "ApplyEffect",
          "EffectId": "Food_Instant_Heal_Bread"
        }
      ]
    }
  },
  "Recipe": {
    "Input": [
      {
        "ItemId": "NoCube_Food_Croissant",
        "Quantity": 1
      },
      {
        "ResourceTypeId": "Milk_Bucket",
        "Quantity": 1
      },
      {
        "ItemId": "Plant_Fruit_Berries_Red",
        "Quantity": 2
      }
    ],
    "Output": [
      {
        "ItemId": "NoCube_Berry_Croissant",
        "Quantity": 2
      }
    ],
    "BenchRequirement": [
      {
        "Type": "Crafting",
        "Id": "NoCube_Bakers_Oven",
        "RequiredTierLevel": 2,
        "Categories": [
          "NoCube_Bakers_Oven_Pastries"
        ]
      }
    ],
    "TimeSeconds": 0
  },
  "Scale": 1.1,
  "MaxStack": 25,
  "DropOnDeath": true,
  "IconProperties": {
    "Scale": 0.9,
    "Rotation": [
      212,
      20,
      168
    ],
    "Translation": [
      -1,
      -4
    ]
  }
}
